room_id,survey_id,host_id,room_type,country,city,borough,neighborhood,reviews,overall_satisfaction,accommodates,bedrooms,bathrooms,price,minstay,name,property_type,last_modified,latitude,longitude,location
18730682,1350,130262896,Shared room,NA,Paris,NA,Sainte-Marguerite,0,0,4,1,NA,126,NA,Appartement parisien,Apartment,2017-06-19T19:28:39Z,48.850982,2.378347,0101000020E61000005551BCCADA0603400ABE69FAEC6C4840
12588228,1350,68279115,Shared room,NA,Paris,NA,Muette,1,0,3,1,NA,87,NA,studio,Apartment,2017-06-19T19:28:35Z,48.860797,2.283282,0101000020E6100000205D6C5A2944024059BF99982E6E4840
3362454,1350,14875354,Shared room,NA,Paris,NA,Montparnasse,11,3.5,3,1,NA,79,NA,Montparnasse salon double séjour,Apartment,2017-06-19T19:28:29Z,48.840157,2.329799,0101000020E61000002D077AA86DA30240B340BB438A6B4840
16240571,1350,106164405,Shared room,NA,Paris,NA,Necker,1,0,3,1,NA,104,NA,Cozy Calm Safe flat@15ème/35m2+balcony,Apartment,2017-06-19T19:28:10Z,48.843275,2.306431,0101000020E610000038D89B18927302406744696FF06B4840
1330663,1350,7218072,Shared room,NA,Paris,NA,Epinettes,0,0,2,1,NA,90,NA,Appartement // Idéal pour un couple,Apartment,2017-06-19T19:28:08Z,48.891621,2.321332,0101000020E61000002444F98216920240A2B60DA320724840
15369079,1350,92422491,Shared room,NA,Paris,NA,Saint-Vincent-de-Paul,1,0,2,1,NA,97,NA,3.Cozy room in Gare du Nord-Xixi homestay,Apartment,2017-06-19T19:28:06Z,48.883295,2.360393,0101000020E61000009CA8A5B915E2024033DC80CF0F714840
14274940,1350,87014439,Shared room,NA,Paris,NA,Belleville,8,4.5,3,1,NA,95,NA,Bellevizou,Apartment,2017-06-19T19:28:06Z,48.872623,2.384117,0101000020E610000078B306EFAB120340635E471CB26F4840
16312420,1350,85285275,Shared room,NA,Paris,NA,Porte-Dauphine,0,0,4,1,NA,80,NA,DOMITORI ROOM 2 (FOR WOMAN),Guesthouse,2017-06-19T19:28:03Z,48.868956,2.279284,0101000020E6100000575EF23FF93B0240DCD440F3396F4840
8484250,1350,44683350,Shared room,NA,Paris,NA,Grandes-Carrières,10,5,2,1,NA,69,NA,Sofa-bed in exceptional Duplex Jacuzzi* & Terraces,Bed & Breakfast,2017-06-19T19:27:53Z,48.892709,2.338454,0101000020E6100000639AE95E27B5024025ECDB4944724840
3988683,1350,20633965,Shared room,NA,Paris,NA,Pont-de-Flandre,0,0,6,1,NA,44,NA,❤ Welcome Paris House,Bed & Breakfast,2017-06-19T19:27:47Z,48.887746,2.386936,0101000020E61000001329CDE671180340D19332A9A1714840
14864550,1350,92422491,Shared room,NA,Paris,NA,Folie-Méricourt,2,0,2,1,NA,48,NA,2.Lovely room in Belleville--GeGe homestay,Apartment,2017-06-19T19:27:44Z,48.871711,2.376267,0101000020E61000002383DC45980203401F48DE39946F4840
7216775,1350,17325646,Shared room,NA,Paris,NA,Croulebarbe,0,0,2,1,NA,58,NA,Chambre dans une maison avec jardin,House,2017-06-19T19:27:41Z,48.833262,2.350662,0101000020E61000008099EFE027CE0240F17F4754A86A4840
6894345,1350,36126886,Shared room,NA,Paris,NA,Bel-Air,0,0,3,1,NA,75,NA,2 pièces dans le 12è - Paris,Apartment,2017-06-19T19:26:49Z,48.838442,2.405275,0101000020E61000005917B7D1003E0340E2CB4411526B4840
14246809,1350,39318682,Shared room,NA,Paris,NA,Faubourg-du-Roule,0,0,3,1,NA,64,NA,Apartment Paris -Champs Elysée,Apartment,2017-06-19T19:26:49Z,48.871519,2.31092,0101000020E6100000E960FD9FC37C0240DB6B41EF8D6F4840
7605989,1350,39891150,Shared room,NA,Paris,NA,Javel 15Art,10,4.5,1,1,NA,75,NA,Flat in 15ème arrondissement (50m2),Apartment,2017-06-19T19:26:49Z,48.841531,2.289673,0101000020E61000000F46EC1340510240FCC8AD49B76B4840
3504079,1350,17641703,Shared room,NA,Paris,NA,Amérique,0,0,2,1,NA,69,NA,Appartement 42 m2 Paris 19 eme,Apartment,2017-06-19T19:26:49Z,48.881622,2.397944,0101000020E61000008A1D8D43FD2E034091B75CFDD8704840
18340327,1350,101476533,Shared room,NA,Paris,NA,Saint-Fargeau,0,0,2,1,NA,75,NA,Appartement 42m2 vintage pour un couple ou seul,Apartment,2017-06-19T19:26:49Z,48.873046,2.398475,0101000020E610000055302AA913300340AAF3A8F8BF6F4840
9213492,1350,7995955,Shared room,NA,Paris,NA,Saint-Lambert,0,0,1,1,NA,75,NA,Canapé lit sur Paris,Apartment,2017-06-19T19:26:47Z,48.842372,2.295203,0101000020E6100000DE72F563935C024076887FD8D26B4840
5148247,1350,26617709,Shared room,NA,Paris,NA,Folie-Méricourt,2,0,2,1,NA,75,NA,A quiet & friendly flat in Paris 11,Apartment,2017-06-19T19:26:47Z,48.86652,2.375718,0101000020E6100000F2255470780103403BAA9A20EA6E4840
2864244,1350,14627739,Shared room,NA,Paris,NA,Hôpital-Saint-Louis,0,0,2,1,NA,75,NA,Paris Canal Saint Martin,Apartment,2017-06-19T19:26:47Z,48.87385,2.365965,0101000020E61000005AD8D30E7FED024007CE1951DA6F4840
17747432,1350,118704345,Shared room,NA,Paris,NA,Val-de-Grace,0,0,2,1,NA,80,NA,Appartement PARIS 5,Apartment,2017-06-19T19:26:47Z,48.840352,2.347119,0101000020E6100000D28F8653E6C60240699082A7906B4840
3109849,1350,15806288,Shared room,NA,Paris,NA,Salpêtrière,1,0,1,1,NA,66,NA,Espace chambre dans Spacieux Studio,Apartment,2017-06-19T19:26:47Z,48.836368,2.352677,0101000020E61000004069A85148D20240E1B54B1B0E6B4840
13257125,1350,67323568,Shared room,NA,Paris,NA,Belleville,5,4,2,1,NA,69,NA,"位于美丽城belleville主街
距离地铁站2号线--11号线",Apartment,2017-06-19T19:26:47Z,48.871725,2.378348,0101000020E61000005A0EF450DB060340840D4FAF946F4840
794418,1350,4185487,Shared room,NA,Paris,NA,St-Germain-lAuxerrois,175,4.5,2,1,NA,79,NA,Cosy Studio in the heart of Paris,Apartment,2017-06-19T19:26:47Z,48.858099,2.345213,0101000020E61000007E3B8908FFC202407BDD2230D66D4840
9376203,1350,29559258,Shared room,NA,Paris,NA,Muette,34,4,2,1,NA,69,NA,Belle studio dans XVIeme,Apartment,2017-06-19T19:26:47Z,48.856045,2.283039,0101000020E6100000BBF083F3A9430240C173EFE1926D4840
850937,1350,3980552,Shared room,NA,Paris,NA,Arsenal,82,5,3,1,NA,69,NA,Vintage Living room Paris Bastille,Apartment,2017-06-19T19:26:47Z,48.850261,2.364979,0101000020E610000074D0251C7AEB02403A083A5AD56C4840
6298024,1350,32749729,Shared room,NA,Paris,NA,Goutte-dOr,49,4.5,3,1,NA,69,NA,Wide flat in the Goutte d'Or,Apartment,2017-06-19T19:26:47Z,48.890297,2.354467,0101000020E6100000011764CBF2D502400B5D8940F5714840
13044049,1350,10856666,Shared room,NA,Paris,NA,Halles,67,4.5,2,1,NA,69,NA,巴黎最中心绝美loft,Apartment,2017-06-19T19:26:47Z,48.863372,2.349177,0101000020E6100000861F9C4F1DCB02401C2444F9826E4840
14203059,1350,51943712,Shared room,NA,Paris,NA,Sorbonne,0,0,2,1,NA,80,NA,Lindo studio para pareja con vista a Notre Dame,Apartment,2017-06-19T19:26:47Z,48.851806,2.34751,0101000020E61000008143A852B3C70240AF44A0FA076D4840
17120340,1350,115033778,Shared room,NA,Paris,NA,Halles,0,0,1,1,NA,81,NA,Salon disponible à Paris,Apartment,2017-06-19T19:26:47Z,48.860312,2.348144,0101000020E61000009563B2B8FFC802409D2D20B41E6E4840
9208504,1350,9486579,Shared room,NA,Paris,NA,Javel 15Art,31,4,2,1,NA,71,NA,Studio proche Tour Eiffel ☺,Apartment,2017-06-19T19:26:47Z,48.83663,2.277524,0101000020E610000041D7BE805E3802401E6D1CB1166B4840
13620854,1350,1554884,Shared room,NA,Paris,NA,Combat,4,5,1,1,NA,69,NA,BUTTES CHAUMONT CHAMBRE,Condominium,2017-06-19T19:26:47Z,48.877535,2.38713,0101000020E610000062670A9DD7180340350C1F1153704840
5295973,1350,27428343,Shared room,NA,Paris,NA,Javel 15Art,71,4.5,2,1,NA,64,NA,Chambre chez l'habitant rive Gauche,Apartment,2017-06-19T19:26:47Z,48.845276,2.286776,0101000020E6100000B9382A37514B0240FE0B0401326C4840
11943755,1350,63769209,Shared room,NA,Paris,NA,Roquette,0,0,1,1,NA,58,NA,"Enjoyable stay at the heart of Paris, Bastille",Apartment,2017-06-19T19:26:44Z,48.856249,2.375588,0101000020E61000000F29064834010340C91D3691996D4840
11310676,1350,7865072,Shared room,NA,Paris,NA,Saint-Vincent-de-Paul,1,0,2,1,NA,46,NA,Nice room in a parisian flat,Apartment,2017-06-19T19:26:44Z,48.882117,2.352653,0101000020E6100000B8B06EBC3BD20240711FB935E9704840
9369183,1350,1903619,Shared room,NA,Paris,NA,Saint-Merri,2,0,2,1,NA,58,NA,Sofa-Bed living room center Marais,Apartment,2017-06-19T19:26:44Z,48.857791,2.350452,0101000020E6100000D78A36C7B9CD0240CDE67118CC6D4840
10130165,1350,51980191,Shared room,NA,Paris,NA,Muette,6,4.5,1,1,NA,46,NA,Bel appartement lumineux Paris 16e,Apartment,2017-06-19T19:26:43Z,48.856392,2.274607,0101000020E61000007905A227653202402C47C8409E6D4840
1331931,1350,7224564,Shared room,NA,Paris,NA,Montparnasse,87,4,1,1,NA,56,NA,atelier d'artiste/loft 55 m2,Loft,2017-06-19T19:26:43Z,48.84311,2.324884,0101000020E610000006F357C85C9902401D774A07EB6B4840
15441594,1350,23947897,Shared room,NA,Paris,NA,Hôpital-Saint-Louis,0,0,2,1,NA,47,NA,Charmant appartement au centre de Paris,Apartment,2017-06-19T19:26:40Z,48.873975,2.369158,0101000020E61000004374081C09F40240C442AD69DE6F4840
14231289,1350,59917757,Shared room,NA,Paris,NA,Gare,0,0,1,1,NA,44,NA,Studio partagé avec une personne !,Condominium,2017-06-19T19:26:40Z,48.825724,2.378866,0101000020E6100000DB87BCE5EA070340DBC2F352B1694840
9144430,1350,47617700,Shared room,NA,Paris,NA,Javel 15Art,4,4,2,1,NA,46,NA,Canapé lit 2places tres confortable,Apartment,2017-06-19T19:26:40Z,48.845726,2.286809,0101000020E610000074965984624B02403EB0E3BF406C4840
19080900,1350,17793475,Shared room,NA,Paris,NA,Javel 15Art,0,0,4,1,NA,58,NA,Paris 15eme 安全 附電梯 近埃菲爾鐵塔 Metro RER Bus皆可達,Apartment,2017-06-19T19:26:40Z,48.841823,2.280768,0101000020E61000004C1B0E4B033F0240A30227DBC06B4840
16143748,1350,85285275,Shared room,NA,Paris,NA,Porte-Dauphine,1,0,4,1,NA,52,NA,DOMITORI ROOM(FOR MAN),Guesthouse,2017-06-19T19:26:40Z,48.868299,2.278714,0101000020E6100000AE7FD767CE3A02402313F06B246F4840
17832115,1350,19620875,Shared room,NA,Paris,NA,Halles,4,5,2,1,NA,60,NA,Vaste chambre à côté du musée du Louvre,Bed & Breakfast,2017-06-19T19:26:40Z,48.860944,2.34114,0101000020E61000000ADCBA9BA7BA0240FED7B969336E4840
6200415,1350,6135669,Shared room,NA,Paris,NA,Porte-Saint-Denis,0,0,1,1,NA,56,NA,Couch to sleep on,Apartment,2017-06-19T19:26:40Z,48.873348,2.349143,0101000020E6100000C504357C0BCB0240750305DEC96F4840
16771942,1350,85291432,Shared room,NA,Paris,NA,Auteuil,1,0,1,1,NA,44,NA,Petit coin comfortable et lumineux!,Apartment,2017-06-19T19:26:40Z,48.845798,2.259068,0101000020E610000062855B3E92120240D882DE1B436C4840
9768167,1350,18445410,Shared room,NA,Paris,NA,Saint-Fargeau,1,0,1,1,NA,45,NA,Chambre en colloc Paris 20ème,Apartment,2017-06-19T19:26:40Z,48.868983,2.406498,0101000020E6100000821DFF0582400340D6E3BED53A6F4840
8985288,1350,7454551,Shared room,NA,Paris,NA,Grandes-Carrières,0,0,1,1,NA,46,NA,Vintage vibes: room in Montmartre,Apartment,2017-06-19T19:26:40Z,48.893212,2.337734,0101000020E610000066FA25E2ADB30240873254C554724840
7385893,1350,9760409,Shared room,NA,Paris,NA,Saint-Thomas-dAquin,29,4.5,2,1,NA,56,NA,Sharing room in paris,Apartment,2017-06-19T19:26:40Z,48.857646,2.332439,0101000020E6100000CE5147C7D5A80240CAC51858C76D4840
18784923,1350,130737596,Shared room,NA,Paris,NA,Monnaie,0,0,1,1,NA,46,NA,Propose mon canapé au cœur de Paris,Apartment,2017-06-19T19:26:36Z,48.852228,2.340603,0101000020E61000001D5BCF108EB90240245E9ECE156D4840
14071456,1350,45930918,Shared room,NA,Paris,NA,Javel 15Art,2,0,2,1,NA,52,NA,Shiny flat near Eiffel(shared room),Apartment,2017-06-19T19:26:36Z,48.84199,2.274231,0101000020E61000001F65C405A03102408FC70C54C66B4840
15790623,1350,102150847,Shared room,NA,Paris,NA,Folie-Méricourt,0,0,2,1,NA,58,NA,Beau appartement chambre salon cuis,Apartment,2017-06-19T19:26:36Z,48.870837,2.377445,0101000020E61000004C4F58E201050340C9923996776F4840
18779921,1350,65072373,Shared room,NA,Paris,NA,Villette,0,0,1,1,NA,46,NA,A 2 pas de la cité des sciences et de la musique,Apartment,2017-06-19T19:26:36Z,48.885921,2.381386,0101000020E6100000D237691A140D034079EBFCDB65714840
3589938,1350,18085702,Shared room,NA,Paris,NA,Folie-Méricourt,0,0,2,1,NA,58,NA,Perfect for familly and friends !,Apartment,2017-06-19T19:26:36Z,48.867521000000004,2.381111,0101000020E6100000B72A89EC830C0340EFCB99ED0A6F4840
14864489,1350,92422491,Shared room,NA,Paris,NA,Hôpital-Saint-Louis,2,0,2,1,NA,48,NA,1.Lovely room in Belleville--Gege  homestay,Apartment,2017-06-19T19:26:36Z,48.871712,2.375181,0101000020E610000005A568E55E000340F0C34142946F4840
17073768,1350,35553639,Shared room,NA,Paris,NA,Saint-Lambert,4,4.5,2,1,NA,58,NA,Private Room in Paris 15th,Apartment,2017-06-19T19:26:36Z,48.832233,2.295727,0101000020E6100000815A0C1EA65D024074D3669C866A4840
14798131,1350,92422491,Shared room,NA,Paris,NA,Hôpital-Saint-Louis,0,0,2,1,NA,50,NA,2.lovely room in Belleville  -Gege homestay,Apartment,2017-06-19T19:26:36Z,48.873355,2.375049,0101000020E6100000172EABB0190003402766BD18CA6F4840
4725963,1350,2893280,Shared room,NA,Paris,NA,Grandes-Carrières,0,0,1,1,NA,58,NA,Chambre avec tout le confort(23 mq),Apartment,2017-06-19T19:26:36Z,48.891341,2.327823,0101000020E61000004B033FAA619F0240BE4A3E7617724840
11019917,1350,6620283,Shared room,NA,Paris,NA,Saint-Fargeau,0,0,1,1,NA,52,NA,Paris for fun,Apartment,2017-06-19T19:26:36Z,48.872506,2.404721,0101000020E61000000B09185DDE3C03402AC8CF46AE6F4840
14797068,1350,92422491,Shared room,NA,Paris,NA,Combat,0,0,3,1,NA,58,NA,1.Lovely room in Belleville-Gege homestay,Apartment,2017-06-19T19:26:36Z,48.872251,2.376882,0101000020E6100000CC9BC3B5DA0303409F73B7EBA56F4840
10032640,1350,23014815,Shared room,NA,Paris,NA,Saint-Lambert,0,0,2,1,NA,58,NA,Charming flat in the 15th,Apartment,2017-06-19T19:26:36Z,48.835214,2.285281,0101000020E6100000855CA96741480240A794D74AE86A4840
9045088,1350,47197712,Shared room,NA,Paris,NA,Sainte-Marguerite,1,0,2,1,NA,57,NA,Spacious flat near Nation &Bastille,Apartment,2017-06-19T19:26:33Z,48.855,2.387342,0101000020E610000017F032C3461903403D0AD7A3706D4840
9407374,1350,994144,Shared room,NA,Paris,NA,Grandes-Carrières,0,0,2,1,NA,58,NA,Cosy appartment in Montmartre,Apartment,2017-06-19T19:26:33Z,48.885972,2.334252,0101000020E610000012FB04508CAC0240FB95CE8767714840
17826830,1350,108952901,Shared room,NA,Paris,NA,Ternes,3,4.5,1,1,NA,52,NA,Shared room in PARIS 17 - Porte de Maillot,Apartment,2017-06-19T19:26:33Z,48.88122,2.283896,0101000020E6100000C3B81B446B450240624A24D1CB704840
12673885,1350,8253478,Shared room,NA,Paris,NA,Bonne-Nouvelle,12,4.5,1,1,NA,45,NA,Cosy studio dans le Centre historique de Paris,Other,2017-06-19T19:26:33Z,48.864658,2.349509,0101000020E6100000E542E55FCBCB0240C51C041DAD6E4840
10454174,1350,14595075,Shared room,NA,Paris,NA,Picpus,1,0,2,1,NA,48,NA,Canapé-lit dans 2 pièces 30 m² très cosy et calme,Apartment,2017-06-19T19:26:33Z,48.835345,2.399066,0101000020E61000007590D7834931034045F0BF95EC6A4840
11524672,1350,42260206,Shared room,NA,Paris,NA,Clignancourt,11,5,2,1,NA,52,NA,Cosy apartment near Montmartre,Apartment,2017-06-19T19:26:33Z,48.890587,2.343371,0101000020E610000095287B4B39BF0240129F3BC1FE714840
11349985,1350,9820807,Shared room,NA,Paris,NA,Hôpital-Saint-Louis,0,0,2,1,NA,58,NA,Le Salon de Casa Vellefaux,Apartment,2017-06-19T19:26:33Z,48.875586,2.369883,0101000020E61000005DC5E23785F50240F06AB93313704840
13413213,1350,76213524,Shared room,NA,Paris,NA,Faubourg-Montmartre,0,0,4,1,NA,44,NA,DUPLEX cosy avec terrasse exposée plein sud,Apartment,2017-06-19T19:26:33Z,48.875098,2.342051,0101000020E61000004583143C85BC0240C365153603704840
3180250,1350,589408,Shared room,NA,Paris,NA,Hôpital-Saint-Louis,1,0,2,1,NA,58,NA,Cozy flat near Canal St. Martin,Apartment,2017-06-19T19:26:33Z,48.881853,2.367949,0101000020E610000069C4CC3E8FF102409370218FE0704840
6274536,1350,9274571,Shared room,NA,Paris,NA,Grandes-Carrières,0,0,2,1,NA,56,NA,Joli canapé lit  à Montmartre,Apartment,2017-06-19T19:26:33Z,48.886351,2.3358120000000002,0101000020E6100000B7D5AC33BEAF024071E316F373714840
2577222,1350,7328081,Shared room,NA,Paris,NA,Porte-Saint-Denis,12,4.5,1,1,NA,46,NA,Chambre de bonne typique parisienne,Apartment,2017-06-19T19:26:33Z,48.871125,2.350682,0101000020E6100000F25D4A5D32CE02402FDD2406816F4840
18975885,1350,132363856,Shared room,NA,Paris,NA,Odeon,0,0,2,1,NA,52,NA,Lovely studio in the heart of Paris,Apartment,2017-06-19T19:26:30Z,48.850216,2.339885,0101000020E61000002B357BA015B802409A44BDE0D36C4840
17771339,1350,121319052,Shared room,NA,Paris,NA,Salpêtrière,0,0,2,1,NA,52,NA,Canapé-Lit dans salon près du Jardin des Plantes,Apartment,2017-06-19T19:26:30Z,48.835899,2.358733,0101000020E6100000BEF73768AFDE02402AE109BDFE6A4840
13136578,1350,73033887,Shared room,NA,Paris,NA,Batignolles,3,5,2,1,NA,58,NA,Studio Batignolles,Apartment,2017-06-19T19:26:30Z,48.885402,2.324124,0101000020E610000025CADE52CE97024010E84CDA54714840
9966242,1350,42970339,Shared room,NA,Paris,NA,Champs-Elysées,3,4.5,1,1,NA,42,NA,Petit app ou coeur de Paris,Apartment,2017-06-19T19:26:30Z,48.86815,2.308659,0101000020E6100000B3EDB43522780240DE02098A1F6F4840
6909565,1350,13925412,Shared room,NA,Paris,NA,Chaillot,54,5,2,1,NA,46,NA,Arc de Triomphe near Eiffel Tower,Bed & Breakfast,2017-06-19T19:26:30Z,48.872174,2.291215,0101000020E61000004DD6A88768540240F435CB65A36F4840
18299012,1350,25938592,Shared room,NA,Paris,NA,Saint-Ambroise,0,0,1,1,NA,46,NA,ONLYGIRL  chambre partagée,Apartment,2017-06-19T19:26:30Z,48.866234,2.381204,0101000020E6100000C7D5C8AEB40C0340755776C1E06E4840
7042767,1350,36930351,Shared room,NA,Paris,NA,Salpêtrière,4,4.5,1,1,NA,49,NA,flat for two,Apartment,2017-06-19T19:26:30Z,48.832783,2.360079,0101000020E6100000A2CF471971E1024017D522A2986A4840
7994196,1350,23710923,Shared room,NA,Paris,NA,Saint-Lambert,40,4.5,1,1,NA,46,NA,Canapé lit au Calme Paris 15ème,Apartment,2017-06-19T19:26:30Z,48.835424,2.289868,0101000020E610000063416150A65102409225732CEF6A4840
13757925,1350,14003986,Shared room,NA,Paris,NA,Goutte-dOr,3,4.5,2,1,NA,58,NA,Appartement calme à la croisée des  cultures,Bed & Breakfast,2017-06-19T19:26:30Z,48.886446,2.356698,0101000020E61000008D63247B84DA0240C3D5011077714840
13089108,1350,57096045,Shared room,NA,Paris,NA,Chaillot,8,4.5,2,1,NA,56,NA,APPARTEMENT A PARTAGER A 5 MIN DES CHAMPS ELYSEES,Apartment,2017-06-19T19:26:30Z,48.873921,2.286391,0101000020E61000002CF3565D874A0240D124B1A4DC6F4840
15024691,1350,19192072,Shared room,NA,Paris,NA,Picpus,4,5,1,1,NA,55,NA,Joli studio tout neuf + terasse proche Bercy,Apartment,2017-06-19T19:26:30Z,48.841922,2.38877,0101000020E6100000CE531D72331C034036E49F19C46B4840
9212150,1350,47908701,Shared room,NA,Paris,NA,Necker,3,5,3,1,NA,52,NA,Montparnass  Nice Flat Paris 15,Apartment,2017-06-19T19:26:30Z,48.841486,2.313276,0101000020E61000003CF9F4D8968102405C0531D0B56B4840
14972201,1350,94310309,Shared room,NA,Paris,NA,Necker,1,0,1,1,NA,58,NA,A warm Welcoming in familly and near Tour Eiffel,Apartment,2017-06-19T19:26:30Z,48.845384,2.300433,0101000020E6100000041DAD6A49670240E547FC8A356C4840
19361594,1350,50526775,Shared room,NA,Paris,NA,Quinze-Vingts,0,0,2,1,NA,55,NA,Place de la Bastille,Apartment,2017-06-19T19:26:27Z,48.852671,2.370304,0101000020E6100000B69F8CF161F60240B29FC552246D4840
19118607,1350,16803280,Shared room,NA,Paris,NA,Arts-et-Metiers,1,0,2,1,NA,46,NA,Sofa bed Beautiful Parisian Appartment - Marais,Apartment,2017-06-19T19:26:27Z,48.868702,2.354061,0101000020E6100000FD4FFEEE1DD5024022FC8BA0316F4840
18969290,1350,7238999,Shared room,NA,Paris,NA,Bonne-Nouvelle,0,0,2,1,NA,44,NA,Share flat on the roof of Paris,Apartment,2017-06-19T19:26:27Z,48.868011,2.351514,0101000020E61000006CB07092E6CF0240BDC804FC1A6F4840
13758653,1350,46032712,Shared room,NA,Paris,NA,Necker,13,4.5,1,1,NA,50,NA,A few moments away from EiffelTower,Apartment,2017-06-19T19:26:27Z,48.848214,2.304325,0101000020E610000073D712F2416F02403201BF46926C4840
7347323,1350,38492202,Shared room,NA,Paris,NA,Faubourg-Montmartre,1,0,2,1,NA,46,NA,Quiet Room - Heart of Paris,Apartment,2017-06-19T19:26:27Z,48.873185,2.346087,0101000020E6100000E690D442C9C40240CB2DAD86C46F4840
17409682,1350,108235112,Shared room,NA,Paris,NA,Plaisance,0,0,1,1,NA,44,NA,Posto letto libero nel salotto,Apartment,2017-06-19T19:26:27Z,48.830195,2.318415,0101000020E61000005C72DC291D8C0240C0266BD4436A4840
18303331,1350,16425062,Shared room,NA,Paris,NA,Saint-Merri,7,4.5,2,1,NA,58,NA,Mezzanine in a beautiful appartment Marais 4e,Apartment,2017-06-19T19:26:27Z,48.859147,2.355066,0101000020E61000004E5FCFD72CD702406FBA6587F86D4840
3494148,1350,17594006,Shared room,NA,Paris,NA,Belleville,1,0,2,1,NA,58,NA,Agréable studio / colline du 20e,Apartment,2017-06-19T19:26:27Z,48.871039,2.394684,0101000020E61000002409C215502803403145B9347E6F4840
16533921,1350,108770536,Shared room,NA,Paris,NA,Saint-Fargeau,1,0,2,1,NA,58,NA,Benvenuti,Apartment,2017-06-19T19:26:27Z,48.871241,2.395925,0101000020E6100000B459F5B9DA2A034098F738D3846F4840
17914578,1350,117347814,Shared room,NA,Paris,NA,Montparnasse,6,4,2,1,NA,52,NA,Cozy living room in Montparnasse,Apartment,2017-06-19T19:26:27Z,48.839565,2.335157,0101000020E61000002B3410CB66AE0240E1EEACDD766B4840
19170903,1350,2828668,Shared room,NA,Paris,NA,Pont-de-Flandre,0,0,2,1,NA,46,NA,Cosy flat in 19e district,Apartment,2017-06-19T19:26:27Z,48.894646,2.381967,0101000020E6100000B935E9B6440E0340A5BF97C283724840
7027668,1350,36842314,Shared room,NA,Paris,NA,Notre-Dame-des-Champs,28,3.5,2,1,NA,52,NA,Salon chambre a Montparnasse,Apartment,2017-06-19T19:26:27Z,48.841638,2.33116,0101000020E610000067F2CD3637A60240128942CBBA6B4840
8978247,1350,5770229,Shared room,NA,Paris,NA,Muette,38,4.5,1,1,NA,52,NA,Tour d'Eiffel Studio Partagé,Apartment,2017-06-19T19:26:27Z,48.862025,2.268371,0101000020E6100000FC8EE1B19F250240CEAACFD5566E4840
11819679,1350,41229520,Shared room,NA,Paris,NA,Père-Lachaise,17,5,2,1,NA,52,NA,Appartement calme et lumineux 55m2,Apartment,2017-06-19T19:26:24Z,48.858674,2.398851,0101000020E6100000AFD007CBD830034077F69507E96D4840
13246663,1350,74465591,Shared room,NA,Paris,NA,Necker,3,4.5,2,1,NA,58,NA,Location appartement Paris,Apartment,2017-06-19T19:26:24Z,48.844943,2.304981,0101000020E61000000536E7E099700240F8FD9B17276C4840
