room_id,host_id,room_type,borough,neighborhood,reviews,overall_satisfaction,accommodates,bedrooms,price,minstay,latitude,longitude,last_modified
5161953,16537682,Entire home/apt,NA,Charonne,0,NA,2,1,87,1,48.853976,2.402677,2015-03-02T06:54:46Z
2623,2883,Private room,NA,Sorbonne,46,4,2,1,87,1,48.852169,2.347332,2015-03-01T12:39:06Z
4886,6792,Entire home/apt,NA,Folie-Méricourt,4,4.5,2,0,128,3,48.865283,2.37115,2015-03-01T07:47:50Z
4890,6792,Entire home/apt,NA,Arts-et-Metiers,7,4.5,4,1,200,3,48.86409,2.356515,2015-03-01T08:15:52Z
5317,7749,Entire home/apt,NA,Grenelle,1,5,4,1,283,4,48.851756,2.299024,2015-03-02T03:43:06Z
5396,7903,Entire home/apt,NA,Notre-Dame,53,5,2,NA,144,7,48.852067,2.358712,2015-03-01T07:34:52Z
7396,19604,Private room,NA,Saint-Georges,146,5,2,1,108,2,48.883341,2.333936,2015-03-02T07:10:11Z
7397,2626,Entire home/apt,NA,Saint-Merri,94,5,4,2,159,3,48.857576,2.352751,2015-03-02T07:18:40Z
7964,22155,Entire home/apt,NA,Faubourg-Montmartre,2,4.5,4,2,173,3,48.873905,2.343179,2015-03-01T08:29:22Z
8012,6792,Entire home/apt,NA,Saint-Avoye,5,4.5,4,1,316,3,48.862437,2.358183,2015-03-01T14:10:44Z
8291,23964,Entire home/apt,NA,Sainte-Marguerite,14,5,6,2,216,NA,48.853315,2.392978,2015-03-01T16:48:37Z
8522,25435,Entire home/apt,NA,Père-Lachaise,1,5,3,1,130,3,48.865279,2.393263,2015-03-01T13:57:22Z
34285,147746,Entire home/apt,NA,Croulebarbe,6,5,2,1,65,2,48.835481,2.34956,2015-03-02T08:13:44Z
9342,30055,Entire home/apt,NA,Grenelle,4,4.5,9,3,476,3,48.851561,2.284899,2015-03-01T19:52:32Z
10010,33995,Entire home/apt,NA,Saint-Ambroise,8,5,5,2,166,NA,48.862775,2.37468,2015-03-01T08:16:31Z
10267,33995,Entire home/apt,NA,Folie-Méricourt,6,4.5,3,1,115,NA,48.865416,2.366471,2015-03-01T08:22:51Z
10270,33995,Entire home/apt,NA,Folie-Méricourt,1,3,3,1,123,NA,48.86743,2.37524,2015-03-01T08:44:16Z
10459,35203,Private room,NA,Saint-Avoye,1,4,1,1,123,2,48.860963,2.354738,2015-03-02T06:09:50Z
10586,37107,Entire home/apt,NA,Clignancourt,38,5,4,NA,115,14,48.889019,2.346556,2015-03-01T15:47:46Z
10710,38170,Entire home/apt,NA,Europe,27,4.5,4,NA,141,3,48.879001,2.316083,2015-03-02T05:39:19Z
10917,39402,Entire home/apt,NA,Ternes,16,4,4,1,231,3,48.878212,2.296695,2015-03-02T00:14:35Z
10963,39761,Entire home/apt,NA,Enfants-Rouges,22,4.5,3,1,137,3,48.862041,2.363818,2015-03-02T05:19:12Z
11170,40963,Entire home/apt,NA,Saint-Victor,177,4.5,2,NA,101,2,48.846164,2.350571,2015-03-01T23:54:43Z
11214,41330,Entire home/apt,NA,Grenelle,19,4.5,2,NA,110,2,48.846533,2.291745,2015-03-02T04:45:07Z
11332,42022,Entire home/apt,NA,Rochechouart,1,4.5,4,1,130,5,48.88151,2.339988,2015-03-01T13:14:05Z
11472,42565,Entire home/apt,NA,Necker,3,4.5,2,NA,119,3,48.844997,2.30882,2015-03-02T04:59:05Z
11487,42666,Entire home/apt,NA,Saint-Ambroise,2,4.5,2,NA,101,7,48.863499,2.369605,2015-03-02T06:38:06Z
11610,43517,Private room,NA,Villette,0,NA,2,1,108,2,48.882286,2.373127,2015-03-01T15:47:59Z
11798,44444,Entire home/apt,NA,Gare,23,5,3,1,166,2,48.824046,2.368279,2015-03-01T07:48:36Z
11848,44626,Entire home/apt,NA,Folie-Méricourt,116,4.5,3,NA,134,2,48.865775,2.377046,2015-03-01T13:43:04Z
12111,35203,Entire home/apt,NA,Saint-Avoye,11,4.5,6,NA,541,2,48.862847,2.354663,2015-03-01T14:31:51Z
12112,35203,Private room,NA,Saint-Avoye,9,4.5,2,1,159,2,48.862845,2.354894,2015-03-01T14:39:15Z
12268,47196,Private room,NA,Sainte-Marguerite,1,NA,2,1,87,6,48.850901,2.386952,2015-03-02T08:04:48Z
12970,50397,Entire home/apt,NA,Arts-et-Metiers,95,4.5,2,NA,87,20,48.863692,2.358541,2015-03-02T00:47:11Z
12993,50542,Entire home/apt,NA,Sainte-Marguerite,2,4.5,3,1,108,3,48.854841,2.391292,2015-03-02T03:16:13Z
13340,52053,Entire home/apt,NA,Arts-et-Metiers,0,NA,2,2,515,1,48.864642,2.354619,2015-03-01T08:29:54Z
14011,55023,Entire home/apt,NA,Saint-Georges,10,4.5,3,2,143,3,48.880202,2.339085,2015-03-02T02:36:02Z
14332,55772,Entire home/apt,NA,Hôpital-Saint-Louis,153,5,2,1,144,4,48.872661,2.366844,2015-03-02T09:58:22Z
14399,6792,Entire home/apt,NA,Roquette,1,5,4,0,186,3,48.855526,2.375672,2015-03-01T12:40:22Z
14540,57150,Entire home/apt,NA,Mail,3,5,3,2,101,14,48.869995,2.345584,2015-03-02T04:32:29Z
14757,57954,Entire home/apt,NA,Clignancourt,54,4.5,3,NA,108,3,48.890522,2.344533,2015-03-02T00:14:56Z
14845,58357,Entire home/apt,NA,Notre-Dame,162,5,4,NA,144,3,48.850925,2.355018,2015-03-02T10:06:00Z
14862,58452,Entire home/apt,NA,Porte-Saint-Denis,25,4.5,2,1,87,3,48.87249,2.352117,2015-03-01T06:58:14Z
14897,58619,Entire home/apt,NA,Salpêtrière,39,4.5,4,1,187,3,48.838485,2.357632,2015-03-01T10:57:00Z
14941,58819,Entire home/apt,NA,Grandes-Carrières,7,5,3,1,87,NA,48.883652,2.33477,2015-03-01T16:08:25Z
15383,60248,Entire home/apt,NA,Clignancourt,45,5,3,1,229,2,48.886075,2.345044,2015-03-01T07:55:14Z
15457,60531,Entire home/apt,NA,Archives,56,4.5,2,1,112,4,48.861375,2.361867,2015-03-01T16:35:05Z
15593,61019,Entire home/apt,NA,Saint-Ambroise,69,5,4,1,125,6,48.863416,2.378401,2015-03-02T07:45:08Z
15824,61931,Entire home/apt,NA,Halles,27,4.5,2,NA,56,1,48.865017,2.343816,2015-03-02T04:59:27Z
16451,64043,Entire home/apt,NA,Combat,10,5,6,3,202,3,48.878866,2.376415,2015-03-01T13:08:12Z
16452,64048,Entire home/apt,NA,Croulebarbe,0,NA,4,1,108,3,48.830304,2.351761,2015-03-01T13:14:39Z
16455,64054,Entire home/apt,NA,Salpêtrière,3,5,5,1,79,3,48.836162,2.363233,2015-03-01T13:36:36Z
16457,64057,Entire home/apt,NA,Saint-Gervais,198,4.5,2,1,130,5,48.855026,2.360604,2015-03-01T13:51:03Z
16469,64075,Entire home/apt,NA,Hôpital-Saint-Louis,103,4.5,2,NA,100,2,48.872334,2.36769,2015-03-01T15:14:23Z
16912,65585,Entire home/apt,NA,Clignancourt,41,4.5,3,1,71,6,48.890487,2.341312,2015-03-01T07:10:49Z
17014,65962,Entire home/apt,NA,Monnaie,6,4.5,2,NA,166,4,48.85454,2.337442,2015-03-01T18:59:23Z
17283,67010,Entire home/apt,NA,Hôpital-Saint-Louis,13,4.5,4,2,159,2,48.870331,2.371522,2015-03-01T20:27:36Z
17287,64055,Entire home/apt,NA,Pont-de-Flandre,5,4,5,1,114,3,48.895662,2.383069,2015-03-01T20:54:32Z
19306,73530,Entire home/apt,NA,Salpêtrière,82,5,4,1,156,2,48.837472,2.354661,2015-03-01T17:38:41Z
17303,67118,Entire home/apt,NA,Porte-Saint-Martin,213,4.5,5,0,100,1,48.871853,2.358475,2015-03-01T22:41:14Z
17347,67353,Entire home/apt,NA,Porte-Saint-Martin,16,4.5,4,1,159,4,48.869643,2.356771,2015-03-02T03:31:10Z
17372,55023,Private room,NA,Rochechouart,40,4.5,1,1,78,2,48.878848,2.340674,2015-03-02T06:17:34Z
17592,68136,Entire home/apt,NA,Porte-Saint-Martin,65,5,4,1,156,3,48.870654,2.367607,2015-03-02T02:16:25Z
17719,58653,Private room,NA,Madeleine,28,5,2,1,203,3,48.872664,2.313348,2015-03-01T11:41:15Z
17918,20633,Entire home/apt,NA,Saint-Georges,2,4,5,2,159,2,48.882817,2.332724,2015-03-02T10:14:06Z
17919,20633,Private room,NA,Saint-Georges,35,4.5,2,1,87,1,48.883266,2.332924,2015-03-02T10:20:54Z
17994,69389,Entire home/apt,NA,Halles,97,4.5,2,1,425,3,48.86093,2.342542,2015-03-01T13:58:14Z
18965,72582,Entire home/apt,NA,Sorbonne,86,4.5,4,1,218,1,48.851526,2.345969,2015-03-01T07:42:39Z
18993,72633,Entire home/apt,NA,Clignancourt,14,4.5,2,1,76,2,48.890007,2.34584,2015-03-01T10:57:33Z
19029,72713,Entire home/apt,NA,Saint-Georges,36,4.5,2,0,108,3,48.883084,2.332827,2015-03-01T15:14:41Z
19150,71496,Entire home/apt,NA,Goutte-dOr,2,4.5,3,1,144,3,48.885646,2.359059,2015-03-02T04:46:17Z
19260,73423,Entire home/apt,NA,St-Germain-lAuxerrois,85,4.5,4,1,195,2,48.857637,2.345552,2015-03-01T12:19:22Z
19666,74520,Entire home/apt,NA,Val-de-Grace,0,NA,1,1,87,5,48.843138,2.341815,2015-03-02T05:13:36Z
19857,63828,Entire home/apt,NA,Saint-Gervais,12,5,2,1,79,4,48.858025,2.35925,2015-03-01T22:00:52Z
20176,76355,Entire home/apt,NA,Invalides,160,5,4,1,195,3,48.858502,2.314235,2015-03-02T04:59:57Z
20823,73530,Entire home/apt,NA,Jardin-des-Plantes,77,4.5,6,1,173,3,48.839006,2.354611,2015-03-01T15:27:49Z
21004,79843,Entire home/apt,NA,Bel-Air,57,5,5,2,267,2,48.840001,2.400672,2015-03-01T06:45:58Z
21167,80630,Private room,NA,Grandes-Carrières,24,4.5,2,1,87,2,48.893799,2.335836,2015-03-02T01:18:55Z
21194,73530,Entire home/apt,NA,Salpêtrière,61,4.5,3,0,123,2,48.837568,2.354592,2015-03-02T04:18:41Z
21264,81070,Entire home/apt,NA,Sainte-Marguerite,15,5,5,3,123,5,48.851399,2.391894,2015-03-01T07:11:16Z
21282,81178,Entire home/apt,NA,Goutte-dOr,18,4,4,2,100,2,48.886906,2.354826,2015-03-01T09:13:29Z
21314,81352,Entire home/apt,NA,Porte-Saint-Denis,99,4.5,2,1,100,5,48.872752,2.352513,2015-03-01T13:02:15Z
21419,81840,Entire home/apt,NA,Bonne-Nouvelle,37,4.5,3,1,130,3,48.86631,2.350327,2015-03-02T00:52:54Z
21421,81848,Entire home/apt,NA,Grandes-Carrières,239,4.5,4,1,123,1,48.887995,2.335802,2015-03-02T01:06:19Z
21567,82394,Entire home/apt,NA,St-Germain-lAuxerrois,36,4.5,2,1,322,2,48.85959,2.332705,2015-03-01T12:41:27Z
21860,165470,Entire home/apt,NA,Bonne-Nouvelle,107,4.5,2,1,87,4,48.864872,2.349333,2015-03-01T16:58:01Z
21977,84134,Entire home/apt,NA,Charonne,6,4,3,1,120,5,48.853528,2.402206,2015-03-02T05:59:12Z
22046,84413,Entire home/apt,NA,Saint-Thomas-dAquin,7,5,5,3,490,4,48.856393,2.323923,2015-03-01T08:45:06Z
22321,59987,Entire home/apt,NA,Halles,215,4.5,4,1,202,2,48.858788,2.3483,2015-03-01T10:58:00Z
22363,85818,Entire home/apt,NA,Saint-Ambroise,28,5,2,1,130,2,48.862691,2.373445,2015-03-01T15:55:13Z
22382,85955,Entire home/apt,NA,Saint-Avoye,65,5,2,1,108,4,48.86296,2.355781,2015-03-01T18:05:00Z
22384,85970,Entire home/apt,NA,Notre-Dame,160,4.5,2,1,103,2,48.851189,2.35679,2015-03-01T18:18:10Z
22528,86702,Entire home/apt,NA,Amérique,2,4.5,4,2,144,3,48.876066,2.393275,2015-03-01T05:27:32Z
22888,88562,Entire home/apt,NA,Père-Lachaise,5,5,6,2,159,2,48.858158,2.399736,2015-03-01T17:25:46Z
212011,1038969,Entire home/apt,NA,Picpus,9,4.5,4,1,58,2,48.840223,2.396689,2015-03-01T10:14:18Z
22932,88729,Private room,NA,Petit-Montrouge,12,4,2,1,42,1,48.821297,2.324106,2015-03-01T22:22:18Z
22979,89023,Private room,NA,Notre-Dame,145,5,2,1,101,3,48.853472,2.350728,2015-03-02T03:31:53Z
23107,89808,Entire home/apt,NA,Sainte-Marguerite,17,4.5,5,3,173,6,48.852378,2.387027,2015-03-01T13:08:56Z
23198,90446,Entire home/apt,NA,Muette,4,5,4,1,380,4,48.864034,2.273983,2015-03-01T23:28:10Z
23441,91706,Entire home/apt,NA,Grandes-Carrières,46,4.5,2,NA,101,2,48.884506,2.33439,2015-03-01T22:01:21Z
