room_id,host_id,room_type,borough,neighborhood,reviews,overall_satisfaction,accommodates,bedrooms,price,minstay,latitude,longitude,last_modified
4886,6792,Entire home/apt,NA,Folie-Méricourt,2,5,2,0,129,3,48.865283,2.37115,2014-09-22T00:50:55Z
4890,6792,Entire home/apt,NA,Arts-et-Metiers,5,4.5,4,1,201,3,48.86409,2.356515,2014-09-22T01:16:23Z
5317,7749,Entire home/apt,NA,Grenelle,1,5,4,1,271,4,48.851756,2.299024,2014-09-22T21:06:55Z
5396,7903,Entire home/apt,NA,Notre-Dame,48,4.5,2,1,145,7,48.852067,2.358712,2014-09-22T00:38:44Z
7396,19604,Private room,NA,Saint-Georges,134,5,2,1,109,2,48.883341,2.333936,2014-09-23T00:30:47Z
7397,2626,Entire home/apt,NA,Saint-Merri,90,5,4,2,162,3,48.857576,2.352751,2014-09-23T00:36:49Z
7964,22155,Entire home/apt,NA,Faubourg-Montmartre,2,4.5,4,2,145,3,48.873905,2.343179,2014-09-22T01:29:49Z
8012,6792,Entire home/apt,NA,Saint-Avoye,5,4.5,4,1,317,3,48.862437,2.358183,2014-09-22T06:42:58Z
8291,23964,Entire home/apt,NA,Sainte-Marguerite,11,5,6,2,217,2,48.853315,2.392978,2014-09-22T09:15:06Z
8522,25435,Entire home/apt,NA,Père-Lachaise,1,5,3,1,130,3,48.865279,2.393263,2014-09-22T06:29:34Z
9342,30055,Entire home/apt,NA,Grenelle,4,4.5,9,3,478,3,48.851561,2.284899,2014-09-22T12:34:17Z
10010,33995,Entire home/apt,NA,Saint-Ambroise,7,5,5,2,167,5,48.862775,2.37468,2014-09-22T01:17:19Z
34285,147746,Entire home/apt,NA,Croulebarbe,6,5,2,1,65,2,48.835481,2.34956,2014-09-23T01:20:35Z
10267,33995,Entire home/apt,NA,Folie-Méricourt,5,5,3,1,116,5,48.865416,2.366471,2014-09-22T01:22:57Z
10270,33995,Entire home/apt,NA,Folie-Méricourt,1,3,4,1,123,5,48.86743,2.37524,2014-09-22T01:42:23Z
10459,35203,Private room,NA,Saint-Avoye,1,4,1,1,159,2,48.860963,2.354738,2014-09-22T23:37:16Z
10517,36640,Private room,NA,Clignancourt,0,NA,2,1,210,2,48.890551,2.344723,2014-09-22T00:45:42Z
10520,36640,Private room,NA,Clignancourt,0,NA,2,1,210,2,48.892406,2.343657,2014-09-22T01:03:01Z
10710,38170,Entire home/apt,NA,Europe,26,4.5,4,2,142,3,48.879001,2.316083,2014-09-22T23:05:10Z
10917,39402,Entire home/apt,NA,Ternes,15,4,4,1,261,3,48.878212,2.296695,2014-09-22T17:45:15Z
10963,39761,Entire home/apt,NA,Enfants-Rouges,17,4.5,3,1,138,3,48.862041,2.363818,2014-09-22T22:44:34Z
11170,40963,Entire home/apt,NA,Saint-Victor,157,4.5,2,1,101,2,48.846164,2.350571,2014-09-22T17:21:17Z
11214,41330,Entire home/apt,NA,Grenelle,18,4.5,2,1,110,2,48.846533,2.291745,2014-09-22T22:12:24Z
11332,42022,Entire home/apt,NA,Rochechouart,1,4.5,4,1,141,5,48.88151,2.339988,2014-09-22T05:50:22Z
11472,42565,Entire home/apt,NA,Necker,3,4.5,2,1,104,3,48.844997,2.30882,2014-09-22T22:24:43Z
11610,43517,Private room,NA,Villette,0,NA,2,1,109,2,48.882286,2.373127,2014-09-22T08:14:44Z
11631,42367,Entire home/apt,NA,Arsenal,0,NA,4,1,246,4,48.853572,2.364403,2014-09-22T10:42:34Z
11798,44444,Entire home/apt,NA,Gare,16,4.5,3,1,167,2,48.824046,2.368279,2014-09-22T00:51:54Z
11848,44626,Entire home/apt,NA,Folie-Méricourt,99,4.5,3,2,130,2,48.869418,2.379986,2014-09-22T06:16:56Z
11917,45208,Entire home/apt,NA,Saint-Merri,201,5,4,1,155,3,48.860933,2.352804,2014-09-22T14:29:45Z
12111,35203,Entire home/apt,NA,Saint-Avoye,11,4.5,6,1,543,2,48.862847,2.354663,2014-09-22T07:02:01Z
12112,35203,Private room,NA,Saint-Avoye,9,4.5,2,1,159,2,48.862845,2.354894,2014-09-22T07:08:27Z
12268,47196,Private room,NA,Sainte-Marguerite,1,NA,2,1,87,6,48.850901,2.386952,2014-09-23T01:13:31Z
12887,49798,Private room,NA,Saint-Ambroise,3,NA,2,1,71,2,48.861785,2.379925,2014-09-22T07:56:19Z
12993,50542,Entire home/apt,NA,Sainte-Marguerite,2,4.5,3,1,109,3,48.854841,2.391292,2014-09-22T20:36:35Z
13111,50985,Entire home/apt,NA,Charonne,0,NA,2,1,126,2,48.85114,2.406746,2014-09-22T04:28:00Z
13203,51559,Entire home/apt,NA,Notre-Dame,1,5,8,4,1086,3,48.852525,2.358056,2014-09-22T15:22:47Z
14011,55023,Entire home/apt,NA,Saint-Georges,10,4.5,3,2,143,3,48.880202,2.339085,2014-09-22T20:02:00Z
14332,55772,Entire home/apt,NA,Hôpital-Saint-Louis,137,5,2,1,138,4,48.872661,2.366844,2014-09-23T02:41:15Z
14399,6792,Entire home/apt,NA,Roquette,0,NA,4,0,187,3,48.855755,2.375324,2014-09-22T05:21:05Z
14757,57954,Entire home/apt,NA,Clignancourt,50,4.5,2,1,123,3,48.890396,2.344807,2014-09-22T17:45:46Z
14845,58357,Entire home/apt,NA,Notre-Dame,147,5,4,1,145,3,48.850742,2.355404,2014-09-23T02:46:13Z
14897,58619,Entire home/apt,NA,Salpêtrière,35,4.5,4,1,188,3,48.838485,2.357632,2014-09-22T03:47:54Z
14903,58645,Entire home/apt,NA,Amérique,8,4.5,4,1,116,7,48.88275,2.386259,2014-09-22T04:28:06Z
14941,58819,Entire home/apt,NA,Grandes-Carrières,3,5,3,1,72,5,48.883652,2.33477,2014-09-22T08:33:18Z
212011,1038969,Entire home/apt,NA,Picpus,9,4.5,4,1,58,2,48.840223,2.396689,2014-09-22T03:09:04Z
15457,60531,Entire home/apt,NA,Saint-Victor,48,4.5,2,1,113,4,48.851041,2.352701,2014-09-22T09:00:09Z
15593,61019,Entire home/apt,NA,Saint-Ambroise,61,5,4,1,126,6,48.864122,2.377907,2014-09-23T00:57:52Z
15824,61931,Entire home/apt,NA,Halles,23,4.5,2,1,56,1,48.865017,2.343816,2014-09-22T22:24:55Z
16119,62927,Entire home/apt,NA,Faubourg-Montmartre,0,NA,2,1,239,7,48.874437,2.345386,2014-09-23T02:14:52Z
19306,73530,Entire home/apt,NA,Salpêtrière,75,5,4,1,142,2,48.837472,2.354661,2014-09-22T10:10:30Z
16451,64043,Entire home/apt,NA,Combat,9,5,6,3,203,3,48.878866,2.376415,2014-09-22T05:45:15Z
16455,64054,Entire home/apt,NA,Salpêtrière,2,5,2,1,120,2,48.836162,2.363233,2014-09-22T06:11:14Z
16456,64054,Entire home/apt,NA,Salpêtrière,7,4,4,1,116,2,48.835917,2.363311,2014-09-22T06:17:30Z
16457,64057,Entire home/apt,NA,Saint-Gervais,171,4.5,2,1,123,3,48.854995,2.360566,2014-09-22T06:23:45Z
16469,64075,Entire home/apt,NA,Porte-Saint-Martin,99,4.5,2,1,101,3,48.87209,2.366953,2014-09-22T07:43:07Z
16912,65585,Entire home/apt,NA,Clignancourt,41,4.5,3,1,71,3,48.890487,2.341312,2014-09-22T00:15:52Z
17066,66151,Private room,NA,Belleville,16,5,1,1,65,3,48.872662,2.38193,2014-09-22T18:18:48Z
17283,67010,Entire home/apt,NA,Hôpital-Saint-Louis,8,4.5,4,2,174,2,48.870331,2.371522,2014-09-22T13:10:42Z
17287,64055,Entire home/apt,NA,Pont-de-Flandre,2,4,5,1,87,3,48.895662,2.383069,2014-09-22T13:38:58Z
17303,67118,Entire home/apt,NA,Porte-Saint-Martin,192,4.5,5,0,100,1,48.871853,2.358475,2014-09-22T15:56:25Z
17347,67353,Entire home/apt,NA,Porte-Saint-Martin,13,4.5,4,1,159,4,48.869643,2.356771,2014-09-22T20:51:00Z
17372,55023,Private room,NA,Rochechouart,40,4.5,1,1,78,2,48.878455,2.341242,2014-09-22T23:44:23Z
17592,68136,Entire home/apt,NA,Porte-Saint-Martin,58,5,4,1,156,3,48.870654,2.367607,2014-09-22T19:45:38Z
17719,58653,Private room,NA,Madeleine,16,4.5,2,1,204,3,48.872664,2.313348,2014-09-22T04:28:31Z
17918,20633,Entire home/apt,NA,Saint-Georges,2,4,5,2,188,2,48.882817,2.332724,2014-09-23T02:52:21Z
17919,20633,Private room,NA,Saint-Georges,27,4.5,2,1,87,1,48.883266,2.332924,2014-09-23T02:57:08Z
17994,69389,Entire home/apt,NA,Halles,84,4.5,2,1,361,3,48.86093,2.342542,2014-09-22T06:30:21Z
18965,72582,Entire home/apt,NA,Sorbonne,78,4.5,4,1,219,1,48.851526,2.345969,2014-09-22T00:46:30Z
18993,72633,Entire home/apt,NA,Clignancourt,14,4.5,2,1,77,2,48.890007,2.34584,2014-09-22T03:48:15Z
19029,72713,Entire home/apt,NA,Saint-Georges,36,4.5,2,0,130,5,48.883084,2.332827,2014-09-22T07:43:28Z
19150,71496,Entire home/apt,NA,Goutte-dOr,2,4.5,3,1,145,3,48.885646,2.359059,2014-09-22T22:13:11Z
19243,55772,Entire home/apt,NA,Archives,28,5,1,1,142,7,48.857007,2.364703,2014-09-22T03:09:35Z
19260,73423,Entire home/apt,NA,St-Germain-lAuxerrois,59,4.5,4,1,196,2,48.857637,2.345552,2014-09-22T05:02:46Z
19857,63828,Entire home/apt,NA,Saint-Gervais,10,5,2,1,80,4,48.858025,2.35925,2014-09-22T15:07:32Z
20176,76355,Entire home/apt,NA,Invalides,151,5,4,1,196,3,48.858502,2.314235,2014-09-22T22:25:25Z
20384,76355,Entire home/apt,NA,St-Germain-lAuxerrois,141,4.5,4,0,174,2,48.858282,2.341969,2014-09-22T17:05:27Z
20823,73530,Entire home/apt,NA,Jardin-des-Plantes,69,5,6,1,159,2,48.839006,2.354611,2014-09-22T07:57:01Z
21004,79843,Entire home/apt,NA,Bel-Air,54,5,5,2,268,2,48.840001,2.400672,2014-09-21T23:51:18Z
21167,80630,Private room,NA,Grandes-Carrières,23,4.5,2,1,87,2,48.893799,2.335836,2014-09-22T18:52:29Z
21194,73530,Entire home/apt,NA,Jardin-des-Plantes,57,4.5,4,2,142,2,48.838061,2.354173,2014-09-22T21:44:56Z
21264,81070,Entire home/apt,NA,Sainte-Marguerite,14,5,5,3,123,5,48.851399,2.391894,2014-09-22T00:16:11Z
21282,81178,Entire home/apt,NA,Goutte-dOr,18,4,4,2,100,2,48.886906,2.354826,2014-09-22T02:09:09Z
21314,81352,Entire home/apt,NA,Porte-Saint-Denis,99,4.5,2,1,100,5,48.872752,2.352513,2014-09-22T05:39:42Z
21388,81728,Entire home/apt,NA,Porte-Saint-Denis,5,4,6,2,217,3,48.87425,2.356304,2014-09-22T14:20:07Z
21419,81840,Entire home/apt,NA,Bonne-Nouvelle,32,4.5,3,1,130,6,48.86631,2.350327,2014-09-22T18:24:00Z
21421,81848,Entire home/apt,NA,Grandes-Carrières,208,4.5,4,1,123,1,48.887995,2.335802,2014-09-22T18:38:18Z
21567,82394,Entire home/apt,NA,St-Germain-lAuxerrois,35,4.5,4,1,226,1,48.85959,2.332705,2014-09-22T05:21:49Z
21860,165470,Entire home/apt,NA,Bonne-Nouvelle,98,4.5,2,1,93,4,48.864872,2.349333,2014-09-22T09:24:11Z
21940,81740,Entire home/apt,NA,Clignancourt,12,4.5,2,1,130,1,48.888758,2.3452480000000002,2014-09-22T19:21:55Z
22046,84413,Entire home/apt,NA,Saint-Thomas-dAquin,4,5,4,3,500,4,48.856393,2.323923,2014-09-22T01:43:28Z
22321,59987,Entire home/apt,NA,Halles,190,4.5,4,1,181,2,48.858788,2.3483,2014-09-22T03:48:40Z
22363,85818,Entire home/apt,NA,Saint-Ambroise,27,4.5,2,1,139,3,48.862691,2.373445,2014-09-22T08:20:30Z
22528,86702,Entire home/apt,NA,Belleville,0,NA,4,2,145,3,48.874056,2.394918,2014-09-21T21:55:29Z
22932,88729,Private room,NA,Petit-Montrouge,10,4.5,2,1,65,1,48.821297,2.324106,2014-09-22T15:32:38Z
22979,89023,Private room,NA,Notre-Dame,136,5,2,1,94,3,48.853472,2.350728,2014-09-22T20:51:40Z
23103,31374,Entire home/apt,NA,Notre-Dame-des-Champs,1,4,2,1,136,2,48.845328,2.33019,2014-09-22T05:22:09Z
23107,89808,Entire home/apt,NA,Sainte-Marguerite,15,5,5,3,174,6,48.852378,2.387027,2014-09-22T05:45:44Z
23198,90446,Entire home/apt,NA,Muette,4,5,4,1,333,4,48.864034,2.273983,2014-09-22T16:48:18Z
23441,91706,Entire home/apt,NA,Grandes-Carrières,36,5,2,1,101,2,48.884506,2.33439,2014-09-22T15:07:55Z
