room_id,host_id,room_type,borough,neighborhood,reviews,overall_satisfaction,accommodates,bedrooms,price,minstay,latitude,longitude,last_modified
11387548,32318670,Entire home/apt,NA,Epinettes,0,NA,4,2,183,14,48.890179,2.323952,2016-05-28T15:02:36Z
3016646,15373479,Entire home/apt,NA,Clignancourt,7,4.5,6,2,201,4,48.884428,2.345213,2016-05-28T15:01:08Z
9192873,17234626,Entire home/apt,NA,Porte-Saint-Martin,0,NA,5,2,138,2,48.872106,2.359852,2016-05-28T14:59:53Z
7111862,16964249,Entire home/apt,NA,Grenelle,2,NA,4,2,92,3,48.845801,2.293873,2016-05-28T14:59:35Z
1982586,10229835,Entire home/apt,NA,Porte-Saint-Martin,23,5,2,1,109,5,48.870084,2.364816,2016-05-28T14:52:35Z
3928955,20354583,Entire home/apt,NA,Grandes-Carrières,11,5,3,1,58,6,48.88422,2.327331,2016-05-28T14:47:53Z
7475744,988568,Entire home/apt,NA,Archives,15,5,4,1,138,3,48.86088,2.362356,2016-05-28T14:47:30Z
8577332,9886443,Private room,NA,Arts-et-Metiers,1,NA,2,1,69,2,48.868062,2.360386,2016-05-28T14:45:29Z
6839481,34996605,Entire home/apt,NA,Saint-Georges,2,NA,3,0,91,5,48.882026,2.330027,2016-05-28T14:41:39Z
7571415,39695879,Entire home/apt,NA,Hôpital-Saint-Louis,5,5,3,0,64,NA,48.869868,2.369185,2016-05-28T14:40:21Z
11249047,33357223,Entire home/apt,NA,Goutte-dOr,0,NA,2,1,69,1,48.886987,2.358551,2016-05-28T14:39:51Z
4549224,23585770,Entire home/apt,NA,Roquette,53,4.5,2,0,64,5,48.85381,2.372168,2016-05-28T14:39:48Z
7363128,7504411,Entire home/apt,NA,Folie-Méricourt,0,NA,4,2,69,3,48.86678,2.378816,2016-05-28T14:39:24Z
1114130,4257389,Entire home/apt,NA,Rochechouart,28,4.5,2,1,75,2,48.877619,2.343782,2016-05-28T14:39:17Z
7294846,34764075,Private room,NA,Petit-Montrouge,1,NA,1,1,58,3,48.824788,2.329512,2016-05-28T14:37:34Z
7297279,7929416,Entire home/apt,NA,Grandes-Carrières,1,NA,1,0,12,1,48.890531,2.328412,2016-05-28T14:37:13Z
3620806,18241302,Private room,NA,Porte-Saint-Martin,0,NA,2,1,69,1,48.869367,2.363468,2016-05-28T14:36:03Z
4865481,25027372,Private room,NA,Hôpital-Saint-Louis,9,5,2,1,58,2,48.874915,2.368155,2016-05-28T14:35:36Z
7741758,18581356,Entire home/apt,NA,Saint-Ambroise,0,NA,2,1,58,1,48.862633,2.385195,2016-05-28T14:33:43Z
7732451,3481083,Private room,NA,Amérique,6,5,1,1,35,3,48.877613,2.396424,2016-05-28T14:33:37Z
149782,722230,Entire home/apt,NA,Clignancourt,4,4,4,1,92,3,48.887842,2.347229,2016-05-28T14:30:40Z
9873808,50809593,Entire home/apt,NA,Saint-Lambert,5,4,3,0,88,1,48.832491,2.282217,2016-05-28T14:29:25Z
9989747,11975096,Entire home/apt,NA,Sainte-Marguerite,8,4,2,1,63,2,48.848634,2.39784,2016-05-28T14:26:07Z
7644691,5602782,Entire home/apt,NA,Halles,4,4.5,4,1,138,2,48.861617,2.348142,2016-05-28T14:25:52Z
7596856,39836676,Entire home/apt,NA,Saint-Lambert,2,NA,2,0,63,1,48.838826,2.300318,2016-05-28T14:24:39Z
11995042,36048905,Entire home/apt,NA,Grandes-Carrières,0,NA,2,1,58,1,48.890407,2.339666,2016-05-28T14:21:11Z
13134329,73156690,Private room,NA,Maison-Blanche,0,NA,2,1,87,1,48.82648,2.345726,2016-05-28T14:18:07Z
6265359,2067745,Entire home/apt,NA,Rochechouart,0,NA,2,1,103,7,48.878119,2.343473,2016-05-28T14:15:58Z
13023568,15373904,Entire home/apt,NA,Saint-Gervais,0,NA,2,0,80,1,48.856885,2.357894,2016-05-28T14:13:57Z
4679797,13819700,Entire home/apt,NA,Saint-Gervais,63,4,4,1,69,1,48.856873,2.359516,2016-05-28T14:06:18Z
12900466,33345993,Entire home/apt,NA,Clignancourt,0,NA,2,0,87,4,48.885839,2.346375,2016-05-28T14:05:50Z
7448131,1927186,Private room,NA,La Chapelle,0,NA,2,1,40,5,48.891689,2.363063,2016-05-28T14:04:04Z
12087360,64786389,Entire home/apt,NA,Belleville,3,4.5,2,1,69,1,48.87228,2.382889,2016-05-28T14:01:39Z
5401858,3060560,Entire home/apt,NA,Saint-Ambroise,4,4.5,4,2,87,4,48.861029,2.37461,2016-05-28T13:58:48Z
11830760,62950190,Entire home/apt,NA,Saint-Vincent-de-Paul,7,5,2,0,44,NA,48.883997,2.361538,2016-05-28T13:57:25Z
710896,212209,Entire home/apt,NA,Saint-Lambert,105,5,2,0,57,3,48.837501,2.300411,2016-05-28T13:54:09Z
12302097,2503671,Entire home/apt,NA,Sainte-Marguerite,3,4,4,2,69,3,48.851843,2.389484,2016-05-28T13:54:02Z
3619189,10462822,Entire home/apt,NA,Porte-Saint-Martin,19,4,4,0,40,1,48.871644,2.366714,2016-05-28T13:53:44Z
2842118,14531688,Entire home/apt,NA,Plaine-Monceau,11,4.5,2,1,103,2,48.886718,2.303955,2016-05-28T14:53:02Z
2773952,14186655,Entire home/apt,NA,Clignancourt,0,NA,2,1,138,5,48.885757,2.347154,2016-05-28T14:25:00Z
9973225,2473678,Entire home/apt,NA,Charonne,0,NA,2,1,102,1,48.85797,2.405913,2016-05-28T13:40:23Z
13158803,3099494,Entire home/apt,NA,Auteuil,0,NA,2,0,104,2,48.851238,2.265718,2016-05-28T13:40:09Z
9354410,16284397,Shared room,NA,Necker,1,NA,2,1,58,1,48.838005,2.308939,2016-05-28T13:40:05Z
1813192,144923,Entire home/apt,NA,Bonne-Nouvelle,26,4.5,2,1,103,1,48.865527,2.346999,2016-05-28T13:40:01Z
10604686,20047584,Entire home/apt,NA,Saint-Vincent-de-Paul,0,NA,2,1,87,1,48.883596,2.359699,2016-05-28T13:39:52Z
9625097,7945488,Entire home/apt,NA,Père-Lachaise,0,NA,4,1,98,1,48.863748,2.387092,2016-05-28T13:39:49Z
9657655,49920806,Entire home/apt,NA,Val-de-Grace,0,NA,4,3,149,3,48.842583,2.343056,2016-05-28T13:39:48Z
9199932,7562650,Entire home/apt,NA,Sainte-Marguerite,0,NA,4,1,81,4,48.852104,2.384553,2016-05-28T13:37:35Z
7646599,7109566,Entire home/apt,NA,Saint-Georges,17,5,2,0,45,2,48.881895,2.33924,2016-05-28T13:37:14Z
8171127,8816961,Entire home/apt,NA,Plaine-Monceau,1,NA,10,5,2876,1,48.881161,2.313257,2016-05-28T13:37:12Z
4377290,10999448,Entire home/apt,NA,Roquette,24,5,2,0,87,2,48.856092,2.375983,2016-05-28T13:37:01Z
6402460,16944960,Entire home/apt,NA,Rochechouart,2,NA,4,2,109,1,48.878578,2.347198,2016-05-28T13:36:59Z
11957644,5701980,Entire home/apt,NA,Folie-Méricourt,4,5,4,1,61,1,48.865897,2.372003,2016-05-28T13:36:53Z
6841810,13313341,Entire home/apt,NA,Jardin-des-Plantes,5,4.5,2,0,63,3,48.838138,2.352465,2016-05-28T13:36:51Z
1405763,4013992,Entire home/apt,NA,Saint-Lambert,0,NA,3,1,80,3,48.835941,2.298436,2016-05-28T13:36:33Z
6651244,34809402,Entire home/apt,NA,Petit-Montrouge,6,4.5,4,1,110,6,48.829277,2.328853,2016-05-28T13:36:27Z
7471791,39135102,Shared room,NA,Saint-Lambert,43,5,3,1,42,1,48.830007,2.301862,2016-05-28T13:36:24Z
3014724,15363715,Entire home/apt,NA,Père-Lachaise,20,5,2,1,45,4,48.86336,2.400255,2016-05-28T13:36:22Z
12439514,67295605,Entire home/apt,NA,Saint-Fargeau,0,NA,4,1,109,3,48.870582,2.404504,2016-05-28T13:36:18Z
6819231,14179467,Private room,NA,Quinze-Vingts,6,5,2,1,40,1,48.845147,2.381778,2016-05-28T13:36:13Z
3653248,18474654,Entire home/apt,NA,Père-Lachaise,5,4,2,0,53,5,48.868802,2.390874,2016-05-28T13:36:12Z
7915924,4651091,Entire home/apt,NA,Grandes-Carrières,5,4.5,2,0,58,2,48.886091,2.337242,2016-05-28T13:36:06Z
12305092,46854593,Shared room,NA,Combat,5,5,12,1,37,1,48.874607,2.378864,2016-05-28T13:36:05Z
4878118,6509821,Entire home/apt,NA,Grandes-Carrières,42,4.5,2,1,101,3,48.883923,2.33738,2016-05-28T13:36:00Z
3302476,1432014,Entire home/apt,NA,Europe,45,4,3,1,58,NA,48.874552,2.318161,2016-05-28T13:35:58Z
2428117,2448040,Entire home/apt,NA,Hôpital-Saint-Louis,25,5,6,2,126,3,48.878766,2.368362,2016-05-28T13:35:52Z
12381022,26164899,Entire home/apt,NA,Porte-Saint-Denis,0,NA,1,1,109,1,48.873244,2.356439,2016-05-28T13:35:48Z
3191602,5192846,Entire home/apt,NA,Ternes,8,4.5,1,0,46,3,48.878477,2.294367,2016-05-28T13:35:46Z
125686,624523,Entire home/apt,NA,Porte-Saint-Martin,135,4.5,2,1,56,3,48.870587,2.364735,2016-05-28T13:35:42Z
2979818,12078566,Entire home/apt,NA,Grandes-Carrières,14,4,8,3,225,2,48.889357,2.33394,2016-05-28T13:35:37Z
1010574,5559189,Entire home/apt,NA,Saint-Ambroise,35,5,4,1,80,3,48.86511,2.382917,2016-05-28T13:35:37Z
4894766,5027164,Entire home/apt,NA,Palais-Royal,5,4,2,0,91,3,48.863357,2.33931,2016-05-28T13:35:34Z
522864,2571310,Entire home/apt,NA,Notre-Dame,127,4.5,6,2,172,2,48.851567,2.354817,2016-05-28T13:35:24Z
4697308,16592727,Entire home/apt,NA,Archives,6,4,2,1,92,2,48.859646,2.364274,2016-05-28T13:35:24Z
10568185,40097440,Entire home/apt,NA,Roquette,1,NA,4,2,92,2,48.857384,2.371199,2016-05-28T13:35:21Z
12930368,70979340,Entire home/apt,NA,Porte-Dauphine,0,NA,2,0,104,1,48.866496,2.282473,2016-05-28T13:35:15Z
6042524,13627903,Entire home/apt,NA,Halles,73,4.5,4,2,138,2,48.862054,2.347296,2016-05-28T13:35:12Z
2894962,9113690,Entire home/apt,NA,Jardin-des-Plantes,60,4.5,4,2,115,2,48.839784,2.350469,2016-05-28T13:35:08Z
5825533,3106547,Entire home/apt,NA,Chaussée-dAntin,19,4.5,3,1,103,1,48.875517,2.333431,2016-05-28T13:35:06Z
3300625,16669335,Entire home/apt,NA,La Chapelle,0,NA,4,1,127,1,48.890041,2.361104,2016-05-28T13:35:01Z
137112,670637,Entire home/apt,NA,Roquette,126,4.5,4,1,98,2,48.856114,2.388141,2016-05-28T13:34:58Z
3044964,4602427,Entire home/apt,NA,Enfants-Rouges,54,5,3,1,161,2,48.862915,2.362334,2016-05-28T13:34:43Z
2760104,10391982,Entire home/apt,NA,Petit-Montrouge,25,5,2,1,127,6,48.833602,2.328018,2016-05-28T13:34:36Z
12480358,9539607,Entire home/apt,NA,Folie-Méricourt,1,NA,4,1,80,1,48.869624,2.370943,2016-05-28T13:34:33Z
7863815,37885125,Entire home/apt,NA,Père-Lachaise,1,NA,5,2,92,3,48.858263,2.396735,2016-05-28T13:34:33Z
6252730,32478252,Private room,NA,Plaisance,64,4,2,1,35,1,48.834852,2.321552,2016-05-28T13:34:27Z
5463004,24648812,Entire home/apt,NA,Clignancourt,35,4.5,8,2,184,2,48.885002,2.337886,2016-05-28T13:34:25Z
5120313,26462737,Entire home/apt,NA,Saint-Lambert,4,4,4,2,109,2,48.837132,2.294969,2016-05-28T13:34:22Z
3018762,3183980,Entire home/apt,NA,Batignolles,8,4.5,4,1,113,2,48.881935,2.315951,2016-05-28T13:34:16Z
3524942,11778125,Entire home/apt,NA,Clignancourt,1,NA,3,0,80,1,48.886676,2.340283,2016-05-28T13:34:13Z
10793248,55856643,Entire home/apt,NA,Javel 15Art,0,NA,1,0,45,3,48.845759,2.277138,2016-05-28T13:34:06Z
924883,4974964,Entire home/apt,NA,Combat,45,4.5,2,1,81,NA,48.879162,2.371675,2016-05-28T13:34:04Z
5588653,28970120,Entire home/apt,NA,Rochechouart,10,5,6,3,230,3,48.87876,2.342896,2016-05-28T13:34:02Z
1433680,2600256,Entire home/apt,NA,Charonne,4,5,4,1,67,2,48.856271,2.404839,2016-05-28T13:33:57Z
5293417,7337285,Entire home/apt,NA,Sainte-Marguerite,4,4.5,4,1,98,1,48.84934,2.389609,2016-05-28T13:33:52Z
6904097,35464965,Private room,NA,Goutte-dOr,4,5,2,1,57,1,48.887567,2.354468,2016-05-28T13:33:51Z
8723885,45786627,Entire home/apt,NA,Ecole-Militaire,27,4.5,2,1,57,NA,48.847536,2.306998,2016-05-28T13:33:45Z
5425807,28144878,Entire home/apt,NA,Hôpital-Saint-Louis,12,4.5,4,1,93,2,48.882132,2.366645,2016-05-28T13:33:42Z
10099298,9881318,Entire home/apt,NA,Amérique,3,5,2,1,64,3,48.878353,2.390275,2016-05-28T13:33:35Z
12481131,10649037,Entire home/apt,NA,Petit-Montrouge,0,NA,6,3,138,3,48.832121,2.330285,2016-05-28T13:33:33Z
