room_id,survey_id,host_id,room_type,country,city,borough,neighborhood,reviews,overall_satisfaction,accommodates,bedrooms,bathrooms,price,minstay,last_modified,latitude,longitude,location
16771942,1146,85291432,Shared room,NA,Paris,NA,Auteuil,0,NA,1,1,NA,41,NA,2017-04-25T14:54:56Z,48.845798,2.259068,0101000020E610000062855B3E92120240D882DE1B436C4840
8502830,1146,44773594,Shared room,NA,Paris,NA,Plaisance,0,NA,1,1,NA,39,NA,2017-04-25T14:54:56Z,48.832984,2.316376,0101000020E610000014EAE923F0870240AF0B3F389F6A4840
12927357,1146,70947332,Shared room,NA,Paris,NA,Saint-Lambert,2,NA,2,1,NA,36,NA,2017-04-25T14:54:56Z,48.838078,2.296823,0101000020E6100000D89AADBCE45F0240A1BFD023466B4840
13674140,1146,79557953,Shared room,NA,Paris,NA,Auteuil,0,NA,2,1,NA,31,NA,2017-04-25T14:54:58Z,48.847187,2.263598,0101000020E6100000FC53AA44D91B0240554CA59F706C4840
14792552,1146,10207426,Shared room,NA,Paris,NA,Muette,0,NA,4,1,NA,34,NA,2017-04-25T14:54:58Z,48.860243,2.282636,0101000020E6100000C860C5A9D642024074CE4F711C6E4840
13965378,1146,12361807,Shared room,NA,Paris,NA,Auteuil,0,NA,2,1,NA,39,NA,2017-04-25T14:54:58Z,48.834966,2.260974,0101000020E6100000B6D9588979160240CFA2772AE06A4840
17151657,1146,86454210,Shared room,NA,Paris,NA,Montparnasse,2,NA,2,1,NA,44,NA,2017-04-25T14:55:02Z,48.83756,2.334057,0101000020E6100000BDFF8F1326AC02400938842A356B4840
18303331,1146,16425062,Shared room,NA,Paris,NA,Saint-Merri,0,NA,2,1,NA,50,NA,2017-04-25T14:55:02Z,48.859147,2.355066,0101000020E61000004E5FCFD72CD702406FBA6587F86D4840
9354410,1146,16284397,Shared room,NA,Paris,NA,Necker,2,NA,2,1,NA,56,NA,2017-04-25T14:55:02Z,48.838005,2.308939,0101000020E6100000EBABAB02B5780240377172BF436B4840
14242591,1146,23389126,Shared room,NA,Paris,NA,Europe,0,NA,3,1,NA,60,NA,2017-04-25T14:55:03Z,48.88222,2.326007,0101000020E6100000F722DA8EA99B024045F0BF95EC704840
7356721,1146,38545775,Shared room,NA,Paris,NA,Saint-Merri,0,NA,2,1,NA,60,NA,2017-04-25T14:55:03Z,48.857295,2.353848,0101000020E6100000420A9E42AED402401D03B2D7BB6D4840
14972201,1146,94310309,Shared room,NA,Paris,NA,Necker,1,NA,1,1,NA,56,NA,2017-04-25T14:55:03Z,48.845384,2.300433,0101000020E6100000041DAD6A49670240E547FC8A356C4840
10032640,1146,23014815,Shared room,NA,Paris,NA,Saint-Lambert,0,NA,2,1,NA,56,NA,2017-04-25T14:55:03Z,48.835214,2.285281,0101000020E6100000855CA96741480240A794D74AE86A4840
5493274,1146,15839425,Shared room,NA,Paris,NA,Bonne-Nouvelle,2,NA,2,1,NA,44,NA,2017-04-25T14:55:03Z,48.865965,2.34775,0101000020E6100000D578E92631C80240863DEDF0D76E4840
15371173,1146,55378220,Shared room,NA,Paris,NA,Halles,0,NA,1,1,NA,62,NA,2017-04-25T14:55:03Z,48.863315,2.348842,0101000020E610000015C5ABAC6DCA0240B8921D1B816E4840
7347323,1146,38492202,Shared room,NA,Paris,NA,Faubourg-Montmartre,1,NA,2,1,NA,44,NA,2017-04-25T14:55:04Z,48.873185,2.346087,0101000020E6100000E690D442C9C40240CB2DAD86C46F4840
7340820,1146,1385174,Shared room,NA,Paris,NA,Saint-Lambert,0,NA,2,1,NA,44,NA,2017-04-25T14:55:04Z,48.837375,2.305906,0101000020E61000008F334DD87E72024077BE9F1A2F6B4840
1622105,1146,8627303,Shared room,NA,Paris,NA,Saint-Ambroise,0,NA,2,1,NA,50,NA,2017-04-25T14:55:04Z,48.862934,2.382542,0101000020E61000007EC51A2E720F0340A14D0E9F746E4840
11619209,1146,58707548,Shared room,NA,Paris,NA,Petit-Montrouge,0,NA,2,1,NA,55,NA,2017-04-25T14:55:04Z,48.824223,2.324326,0101000020E6100000A2F0D93A3898024036CEA62380694840
14448502,1146,80084213,Shared room,NA,Paris,NA,Grenelle,1,NA,2,1,NA,44,NA,2017-04-25T14:55:04Z,48.848206,2.296374,0101000020E6100000E013EB54F95E0240AF22A303926C4840
16143748,1146,85285275,Shared room,NA,Paris,NA,Porte-Dauphine,1,NA,4,1,NA,50,NA,2017-04-25T14:55:04Z,48.868299,2.278714,0101000020E6100000AE7FD767CE3A02402313F06B246F4840
14864550,1146,92422491,Shared room,NA,Paris,NA,Folie-Méricourt,2,NA,2,1,NA,47,NA,2017-04-25T14:55:04Z,48.871711,2.376267,0101000020E61000002383DC45980203401F48DE39946F4840
18157794,1146,34906883,Shared room,NA,Paris,NA,Batignolles,1,NA,2,1,NA,44,NA,2017-04-25T14:55:06Z,48.885732,2.322593,0101000020E6100000255987A3AB940240A5828AAA5F714840
8959856,1146,44133127,Shared room,NA,Paris,NA,Porte-Dauphine,0,NA,2,1,NA,52,NA,2017-04-25T14:55:06Z,48.865651,2.278922,0101000020E61000004D1421753B3B0240F65FE7A6CD6E4840
3494148,1146,17594006,Shared room,NA,Paris,NA,Belleville,1,NA,2,1,NA,56,NA,2017-04-25T14:55:06Z,48.871039,2.394684,0101000020E61000002409C215502803403145B9347E6F4840
7216775,1146,17325646,Shared room,NA,Paris,NA,Croulebarbe,0,NA,2,1,NA,56,NA,2017-04-25T14:55:06Z,48.833262,2.350662,0101000020E61000008099EFE027CE0240F17F4754A86A4840
17711391,1146,114295062,Shared room,NA,Paris,NA,Charonne,0,NA,2,1,NA,18,NA,2017-04-25T14:53:39Z,48.850151,2.402836,0101000020E61000002F36AD1402390340B2D47ABFD16C4840
18200592,1146,26567993,Shared room,NA,Paris,NA,Gare,0,NA,2,1,NA,38,NA,2017-04-25T14:53:39Z,48.825336,2.372871,0101000020E6100000B80375CAA3FB0240111B2C9CA4694840
9966242,1146,42970339,Shared room,NA,Paris,NA,Champs-Elysées,1,NA,1,1,NA,41,NA,2017-04-25T14:53:39Z,48.86815,2.308659,0101000020E6100000B3EDB43522780240DE02098A1F6F4840
18035441,1146,13132777,Shared room,NA,Paris,NA,Porte-Dauphine,1,NA,1,1,NA,39,NA,2017-04-25T14:53:39Z,48.867038,2.280799,0101000020E6100000FCFECD8B133F0240D331E719FB6E4840
16727142,1146,66962865,Shared room,NA,Paris,NA,Grandes-Carrières,1,NA,2,1,NA,32,NA,2017-04-25T14:53:40Z,48.884946,2.337244,0101000020E6100000842D76FBACB20240EE5C18E945714840
18382594,1146,42198549,Shared room,NA,Paris,NA,Amérique,0,NA,2,1,NA,24,NA,2017-04-25T14:53:40Z,48.876829,2.390612,0101000020E6100000B6662B2FF91F03409A97C3EE3B704840
17922285,1146,40027756,Shared room,NA,Paris,NA,Muette,2,NA,1,1,NA,34,NA,2017-04-25T14:53:40Z,48.857526,2.28411,0101000020E610000084BBB376DB4502401FBC7669C36D4840
18116075,1146,95189972,Shared room,NA,Paris,NA,Montparnasse,0,NA,1,1,NA,25,NA,2017-04-25T14:53:40Z,48.839987,2.334776,0101000020E6100000B5E21B0A9FAD02405708ABB1846B4840
17717624,1146,92422491,Shared room,NA,Paris,NA,Saint-Vincent-de-Paul,2,NA,1,1,NA,28,NA,2017-04-25T14:53:40Z,48.883719,2.359841,0101000020E610000059147651F4E002404AED45B41D714840
5507666,1146,14603214,Shared room,NA,Paris,NA,Rochechouart,0,NA,1,1,NA,39,NA,2017-04-25T14:53:40Z,48.877257,2.340599,0101000020E61000000667F0F78BB90240F29716F549704840
12340851,1146,23341832,Shared room,NA,Paris,NA,La Chapelle,0,NA,1,1,NA,24,NA,2017-04-25T14:53:42Z,48.885594,2.361704,0101000020E6100000B9A81611C5E4024054C4E9245B714840
13880099,1146,55939471,Shared room,NA,Paris,NA,Maison-Blanche,0,NA,1,1,NA,28,NA,2017-04-25T14:53:42Z,48.822735,2.353423,0101000020E6100000D13B1570CFD30240252367614F694840
13820679,1146,40587769,Shared room,NA,Paris,NA,Amérique,0,NA,2,1,NA,23,NA,2017-04-25T14:53:42Z,48.886621,2.390836,0101000020E6100000B0CBF09F6E200340317903CC7C714840
11796114,1146,11863293,Shared room,NA,Paris,NA,Petit-Montrouge,0,NA,2,1,NA,34,NA,2017-04-25T14:53:42Z,48.822408,2.317275,0101000020E61000000BB5A679C789024001FC53AA44694840
17712152,1146,92422491,Shared room,NA,Paris,NA,Saint-Vincent-de-Paul,0,NA,1,1,NA,28,NA,2017-04-25T14:53:43Z,48.883462,2.361546,0101000020E610000037FFAF3A72E402401FA1664815714840
16491175,1146,108294757,Shared room,NA,Paris,NA,Goutte-dOr,0,NA,1,1,NA,34,NA,2017-04-25T14:53:45Z,48.88653,2.351488,0101000020E6100000D87DC7F0D8CF02402176A6D079714840
4009545,1146,20790512,Shared room,NA,Paris,NA,Maison-Blanche,0,NA,1,1,NA,16,NA,2017-04-25T14:53:45Z,48.823305,2.346152,0101000020E6100000588FFB56EBC402400FD1E80E62694840
9142663,1146,47610634,Shared room,NA,Paris,NA,Saint-Ambroise,0,NA,1,1,NA,23,NA,2017-04-25T14:53:45Z,48.861939,2.377641,0101000020E6100000A70705A568050340CF126404546E4840
16974822,1146,64537716,Shared room,NA,Paris,NA,Picpus,0,NA,1,1,NA,31,NA,2017-04-25T14:53:45Z,48.841665,2.391372,0101000020E6100000978FA4A4872103400B98C0ADBB6B4840
13542391,1146,77915598,Shared room,NA,Paris,NA,Villette,2,NA,2,1,NA,25,NA,2017-04-25T14:53:45Z,48.887874,2.374624,0101000020E6100000A65F22DE3AFF0240FE7BF0DAA5714840
18027751,1146,8982608,Shared room,NA,Paris,NA,Val-de-Grace,1,NA,1,1,NA,37,NA,2017-04-25T14:53:45Z,48.840337,2.342527,0101000020E6100000D7F9B7CB7EBD0240334FAE29906B4840
16549879,1146,64040536,Shared room,NA,Paris,NA,Clignancourt,1,NA,1,1,NA,19,NA,2017-04-25T14:53:46Z,48.888999,2.341717,0101000020E6100000DAE55B1FD6BB02409E961FB8CA714840
14417600,1146,25000833,Shared room,NA,Paris,NA,Grenelle,0,NA,2,1,NA,39,NA,2017-04-25T14:53:48Z,48.847802,2.297491,0101000020E6100000AED51EF642610240E0BDA3C6846C4840
17826830,1146,108952901,Shared room,NA,Paris,NA,Ternes,1,NA,1,1,NA,39,NA,2017-04-25T14:53:48Z,48.88122,2.283896,0101000020E6100000C3B81B446B450240624A24D1CB704840
13198070,1146,73914929,Shared room,NA,Paris,NA,Auteuil,1,NA,1,1,NA,28,NA,2017-04-25T14:53:48Z,48.841252,2.265087,0101000020E61000000DC2DCEEE51E0240E8D84125AE6B4840
11321552,1146,14886336,Shared room,NA,Paris,NA,Javel 15Art,1,NA,2,1,NA,39,NA,2017-04-25T14:53:48Z,48.843544,2.293343,0101000020E61000009015FC36C4580240575EF23FF96B4840
18178435,1146,125415019,Shared room,NA,Paris,NA,Notre-Dame-des-Champs,0,NA,1,1,NA,23,NA,2017-04-25T14:53:50Z,48.841375,2.335,0101000020E6100000AE47E17A14AE024004560E2DB26B4840
13712915,1146,75345773,Shared room,NA,Paris,NA,Roquette,0,NA,1,1,NA,30,NA,2017-04-25T14:53:50Z,48.855607,2.372928,0101000020E6100000FC19DEACC1FB0240459DB987846D4840
10956183,1146,47377652,Shared room,NA,Paris,NA,Charonne,1,NA,2,1,NA,25,NA,2017-04-25T14:53:50Z,48.857377,2.401542,0101000020E610000072C3EFA65B360340DAAB8F87BE6D4840
16069026,1146,4058645,Shared room,NA,Paris,NA,Batignolles,0,NA,1,1,NA,41,NA,2017-04-25T14:53:52Z,48.888777,2.317155,0101000020E6100000611A868F88890240EF37DA71C3714840
13766270,1146,80742297,Shared room,NA,Paris,NA,Villette,2,NA,2,1,NA,28,NA,2017-04-25T14:53:52Z,48.88827,2.371957,0101000020E61000006C257497C4F902404B02D4D4B2714840
17894865,1146,122593249,Shared room,NA,Paris,NA,La Chapelle,0,NA,1,1,NA,15,NA,2017-04-25T14:53:52Z,48.886244,2.359881,0101000020E61000003D9D2B4A09E102405B23827170714840
16355045,1146,21884039,Shared room,NA,Paris,NA,Saint-Lambert,1,NA,1,1,NA,36,NA,2017-04-25T14:53:52Z,48.832542,2.28681,0101000020E61000007A53910A634B0240F1457BBC906A4840
16143362,1146,85285275,Shared room,NA,Paris,NA,Porte-Dauphine,1,NA,4,1,NA,39,NA,2017-04-25T14:53:52Z,48.867411,2.278035,0101000020E61000009A25016A6A3902406798DA52076F4840
16312496,1146,85285275,Shared room,NA,Paris,NA,Porte-Dauphine,1,NA,4,1,NA,39,NA,2017-04-25T14:53:52Z,48.867185,2.27806,0101000020E6100000289B728577390240774A07EBFF6E4840
16312420,1146,85285275,Shared room,NA,Paris,NA,Porte-Dauphine,0,NA,4,1,NA,39,NA,2017-04-25T14:53:52Z,48.868956,2.279284,0101000020E6100000575EF23FF93B0240DCD440F3396F4840
13781217,1146,19106295,Shared room,NA,Paris,NA,Javel 15Art,0,NA,2,1,NA,28,NA,2017-04-25T14:53:54Z,48.84152,2.280526,0101000020E6100000EC6B5D6A843E0240087767EDB66B4840
15448481,1146,35781094,Shared room,NA,Paris,NA,Clignancourt,1,NA,2,1,NA,34,NA,2017-04-25T14:53:54Z,48.898305,2.345326,0101000020E610000000AB23473AC30240A96A82A8FB724840
15156153,1146,95961965,Shared room,NA,Paris,NA,Porte-Saint-Denis,1,NA,1,1,NA,31,NA,2017-04-25T14:53:54Z,48.872688,2.355087,0101000020E6100000C6E061DA37D702404ACE893DB46F4840
17714890,1146,92422491,Shared room,NA,Paris,NA,Saint-Vincent-de-Paul,1,NA,1,1,NA,28,NA,2017-04-25T14:53:56Z,48.883365,2.361717,0101000020E61000000342EBE1CBE402402CB7B41A12714840
13566188,1146,56016826,Shared room,NA,Paris,NA,Folie-Méricourt,0,NA,1,1,NA,16,NA,2017-04-25T14:53:56Z,48.866897,2.381987,0101000020E61000002BFA43334F0E034011001C7BF66E4840
17717293,1146,92422491,Shared room,NA,Paris,NA,Saint-Vincent-de-Paul,1,NA,1,1,NA,28,NA,2017-04-25T14:53:56Z,48.883207,2.359918,0101000020E61000000FEF39B01CE10240944C4EED0C714840
18002940,1146,77969174,Shared room,NA,Paris,NA,Sainte-Marguerite,0,NA,2,1,NA,29,NA,2017-04-25T14:53:56Z,48.854224,2.389025,0101000020E6100000789CA223B91C0340AABA4736576D4840
3017565,1146,15376379,Shared room,NA,Paris,NA,Bonne-Nouvelle,0,NA,2,1,NA,28,NA,2017-04-25T14:53:56Z,48.869395,2.35059,0101000020E6100000E76F422102CE02402827DA55486F4840
15441328,1146,57264566,Shared room,NA,Paris,NA,Necker,1,NA,2,1,NA,39,NA,2017-04-25T14:53:58Z,48.843454,2.32226,0101000020E6100000C078060DFD93024017D7F84CF66B4840
17093732,1146,69761277,Shared room,NA,Paris,NA,Amérique,0,NA,1,1,NA,31,NA,2017-04-25T14:53:58Z,48.87813,2.396723,0101000020E61000006D91B41B7D2C034078D1579066704840
13587140,1146,56016826,Shared room,NA,Paris,NA,Folie-Méricourt,2,NA,1,1,NA,16,NA,2017-04-25T14:54:01Z,48.867781,2.381122,0101000020E6100000F549EEB0890C03408B8BA372136F4840
8492205,1146,44674115,Shared room,NA,Paris,NA,Saint-Vincent-de-Paul,1,NA,2,1,NA,34,NA,2017-04-25T14:54:05Z,48.88399,2.367914,0101000020E6100000A2EC2DE57CF10240DAFE959526714840
17873528,1146,13944782,Entire home/apt,NA,Paris,NA,Goutte-dOr,0,NA,3,1,NA,35,NA,2017-04-25T14:56:28Z,48.889757,2.353115,0101000020E6100000FAD005F52DD302408C31B08EE3714840
12321212,1146,10101807,Entire home/apt,NA,Paris,NA,Madeleine,0,NA,2,0,NA,29,NA,2017-04-25T14:56:28Z,48.871981,2.32625,0101000020E61000005C8FC2F5289C0240DFDDCA129D6F4840
17024428,1146,114188007,Entire home/apt,NA,Paris,NA,Enfants-Rouges,1,NA,1,0,NA,27,NA,2017-04-25T14:56:28Z,48.862014,2.362668,0101000020E61000002272FA7ABEE60240DA588979566E4840
17745812,1146,120933408,Entire home/apt,NA,Paris,NA,Père-Lachaise,1,NA,2,0,NA,36,NA,2017-04-25T14:56:28Z,48.859874,2.389117,0101000020E6100000838AAA5FE91C03402157EA59106E4840
18153227,1146,26554851,Entire home/apt,NA,Paris,NA,Grenelle,0,NA,1,0,NA,34,NA,2017-04-25T14:56:28Z,48.845914,2.289786,0101000020E610000091B586527B510240419DF2E8466C4840
16185995,1146,29698987,Entire home/apt,NA,Paris,NA,Saint-Ambroise,2,NA,1,0,NA,36,NA,2017-04-25T14:56:28Z,48.8595,2.373205,0101000020E610000023A12DE752FC0240BC749318046E4840
18050269,1146,6875312,Entire home/apt,NA,Paris,NA,Combat,0,NA,2,0,NA,30,NA,2017-04-25T14:56:28Z,48.875461,2.374369,0101000020E6100000FD169D2CB5FE024034F6251B0F704840
17539684,1146,118968506,Entire home/apt,NA,Paris,NA,Chaillot,0,NA,2,1,NA,41,NA,2017-04-25T14:56:29Z,48.872273,2.289264,0101000020E6100000FA47DFA469500240871744A4A66F4840
13261365,1146,74641835,Shared room,NA,Paris,NA,Quinze-Vingts,0,NA,1,1,NA,31,NA,2017-04-25T14:54:08Z,48.851369,2.370259,0101000020E6100000B665C0594AF6024003EACDA8F96C4840
17717378,1146,92422491,Shared room,NA,Paris,NA,Saint-Vincent-de-Paul,0,NA,1,1,NA,28,NA,2017-04-25T14:54:13Z,48.883037,2.360633,0101000020E6100000F0DDE68D93E2024038143E5B07714840
15340516,1146,51098069,Shared room,NA,Paris,NA,Villette,1,NA,6,1,NA,34,NA,2017-04-25T14:54:14Z,48.888739,2.376584,0101000020E61000002D93E1783E03034002D71533C2714840
17717574,1146,92422491,Shared room,NA,Paris,NA,Saint-Vincent-de-Paul,0,NA,1,1,NA,28,NA,2017-04-25T14:54:16Z,48.883216,2.361369,0101000020E6100000484E266E15E40240E7A6CD380D714840
17717496,1146,92422491,Shared room,NA,Paris,NA,Saint-Vincent-de-Paul,0,NA,1,1,NA,28,NA,2017-04-25T14:54:16Z,48.883508,2.361671,0101000020E6100000FD4AE7C3B3E402408FE046CA16714840
17717435,1146,92422491,Shared room,NA,Paris,NA,Saint-Vincent-de-Paul,0,NA,1,1,NA,28,NA,2017-04-25T14:54:16Z,48.883627,2.359775,0101000020E6100000E25817B7D1E00240696E85B01A714840
15174445,1146,11397350,Shared room,NA,Paris,NA,Porte-Saint-Denis,1,NA,1,1,NA,39,NA,2017-04-25T14:54:18Z,48.870043,2.353815,0101000020E610000086AC6EF59CD402408F8EAB915D6F4840
6225458,1146,24574957,Shared room,NA,Paris,NA,Sainte-Marguerite,1,NA,1,1,NA,32,NA,2017-04-25T14:54:18Z,48.855637,2.394992,0101000020E6100000FB73D190F1280340B01F6283856D4840
7084717,1146,37137084,Shared room,NA,Paris,NA,Archives,0,NA,1,1,NA,35,NA,2017-04-25T14:54:18Z,48.856927,2.367812,0101000020E61000005E9CF86A47F102409A07B0C8AF6D4840
14966471,1146,250135,Shared room,NA,Paris,NA,Saint-Vincent-de-Paul,1,NA,1,1,NA,38,NA,2017-04-25T14:54:19Z,48.877341,2.352565,0101000020E6100000C3B645990DD202405038BBB54C704840
6079716,1146,12111480,Shared room,NA,Paris,NA,Villette,0,NA,1,1,NA,39,NA,2017-04-25T14:54:19Z,48.886295,2.37288,0101000020E6100000EBA86A82A8FB0240DDCD531D72714840
9057376,1146,32817202,Shared room,NA,Paris,NA,Saint-Avoye,0,NA,2,1,NA,39,NA,2017-04-25T14:54:21Z,48.863459,2.35549,0101000020E6100000B97020240BD80240EB3713D3856E4840
5911103,1146,20797082,Shared room,NA,Paris,NA,Saint-Vincent-de-Paul,1,NA,1,1,NA,39,NA,2017-04-25T14:54:21Z,48.880938,2.364069,0101000020E61000003FE603029DE90240DEE68D93C2704840
15879835,1146,30298825,Shared room,NA,Paris,NA,Amérique,0,NA,1,1,NA,34,NA,2017-04-25T14:54:21Z,48.879107,2.400061,0101000020E61000008E3D7B2E53330340A357039486704840
18046763,1146,7238999,Shared room,NA,Paris,NA,Mail,0,NA,1,1,NA,39,NA,2017-04-25T14:54:21Z,48.86771,2.34336,0101000020E61000005709168733BF0240C2340C1F116F4840
12045204,1146,35468557,Shared room,NA,Paris,NA,Villette,0,NA,1,1,NA,39,NA,2017-04-25T14:54:21Z,48.892769,2.371893,0101000020E610000000E48409A3F90240FAF02C4146724840
15363337,1146,45472813,Shared room,NA,Paris,NA,Pont-de-Flandre,0,NA,1,1,NA,32,NA,2017-04-25T14:54:21Z,48.898317,2.382112,0101000020E6100000F1457BBC900E03406D382C0DFC724840
11771527,1146,22530701,Shared room,NA,Paris,NA,Charonne,0,NA,2,1,NA,31,NA,2017-04-25T14:54:23Z,48.852422,2.40311,0101000020E6100000448655BC913903400932022A1C6D4840
