room_id,host_id,room_type,borough,neighborhood,reviews,overall_satisfaction,accommodates,bedrooms,price,minstay,latitude,longitude,last_modified
2623,2883,Private room,NA,Sorbonne,46,4,2,1,101,1,48.852169,2.347332,2015-01-13T03:05:25Z
4886,6792,Entire home/apt,NA,Folie-Méricourt,3,4.5,2,0,129,3,48.865283,2.37115,2015-01-12T22:49:21Z
4890,6792,Entire home/apt,NA,Arts-et-Metiers,6,4.5,4,1,201,3,48.86409,2.356515,2015-01-12T23:15:31Z
29108,125205,Entire home/apt,NA,Charonne,0,NA,4,1,123,1,48.856943,2.402788,2015-01-13T15:11:42Z
5317,7749,Entire home/apt,NA,Grenelle,1,5,4,1,294,4,48.851756,2.299024,2015-01-13T17:04:16Z
5396,7903,Entire home/apt,NA,Notre-Dame,51,5,2,NA,145,7,48.852067,2.358712,2015-01-12T22:36:56Z
7396,19604,Private room,NA,Saint-Georges,144,5,2,1,109,2,48.883341,2.333936,2015-01-13T20:29:22Z
7397,2626,Entire home/apt,NA,Saint-Merri,92,5,4,2,152,4,48.857576,2.352751,2015-01-13T20:37:12Z
7964,22155,Entire home/apt,NA,Faubourg-Montmartre,2,4.5,4,2,174,3,48.873905,2.343179,2015-01-12T23:27:57Z
8012,6792,Entire home/apt,NA,Saint-Avoye,5,4.5,4,1,317,3,48.862437,2.358183,2015-01-13T04:22:20Z
8291,23964,Entire home/apt,NA,Sainte-Marguerite,12,5,6,2,217,4,48.853315,2.392978,2015-01-13T06:37:00Z
8522,25435,Entire home/apt,NA,Père-Lachaise,1,5,3,1,130,3,48.865279,2.393263,2015-01-13T04:10:53Z
9342,30055,Entire home/apt,NA,Grenelle,4,4.5,9,3,478,3,48.851561,2.284899,2015-01-13T09:23:39Z
34285,147746,Entire home/apt,NA,Croulebarbe,6,5,2,1,65,2,48.835481,2.34956,2015-01-13T21:27:54Z
10010,33995,Entire home/apt,NA,Saint-Ambroise,7,5,5,2,166,5,48.862775,2.37468,2015-01-12T23:16:10Z
10252,35203,Entire home/apt,NA,Saint-Gervais,10,5,2,1,137,5,48.857299,2.356299,2015-01-12T21:42:49Z
10267,33995,Entire home/apt,NA,Folie-Méricourt,5,4.5,3,1,116,5,48.865416,2.366471,2015-01-12T23:21:56Z
10270,33995,Entire home/apt,NA,Folie-Méricourt,1,3,3,1,123,5,48.86743,2.37524,2015-01-12T23:41:14Z
10459,35203,Private room,NA,Saint-Avoye,1,4,1,1,159,2,48.860963,2.354738,2015-01-13T19:30:08Z
10586,37107,Entire home/apt,NA,Clignancourt,38,5,4,NA,116,14,48.889019,2.346556,2015-01-13T05:44:57Z
10710,38170,Entire home/apt,NA,Europe,27,4.5,4,NA,142,3,48.879001,2.316083,2015-01-13T19:00:06Z
10917,39402,Entire home/apt,NA,Ternes,15,4,4,1,232,3,48.878212,2.296695,2015-01-13T13:34:09Z
10963,39761,Entire home/apt,NA,Enfants-Rouges,19,4.5,3,1,138,3,48.862041,2.363818,2015-01-13T18:41:31Z
11170,40963,Entire home/apt,NA,Saint-Victor,170,4.5,2,NA,101,2,48.846164,2.350571,2015-01-13T13:13:57Z
11214,41330,Entire home/apt,NA,Grenelle,19,4.5,2,NA,110,2,48.846533,2.291745,2015-01-13T18:07:19Z
11332,42022,Entire home/apt,NA,Rochechouart,1,4.5,4,1,130,5,48.88151,2.339988,2015-01-13T03:34:25Z
11472,42565,Entire home/apt,NA,Necker,3,4.5,2,NA,113,3,48.844997,2.30882,2015-01-13T18:21:25Z
11610,43517,Private room,NA,Villette,0,NA,2,1,109,2,48.882286,2.373127,2015-01-13T05:45:05Z
11798,44444,Entire home/apt,NA,Gare,19,5,3,1,166,2,48.824046,2.368279,2015-01-12T22:49:55Z
11848,44626,Entire home/apt,NA,Folie-Méricourt,112,4.5,3,NA,136,2,48.869418,2.379986,2015-01-13T03:59:41Z
12111,35203,Entire home/apt,NA,Saint-Avoye,11,4.5,6,NA,543,2,48.862847,2.354663,2015-01-13T04:39:16Z
12112,35203,Private room,NA,Saint-Avoye,9,4.5,2,1,159,2,48.862845,2.354894,2015-01-13T04:45:50Z
12268,47196,Private room,NA,Sainte-Marguerite,1,NA,2,1,87,6,48.850901,2.386952,2015-01-13T21:19:35Z
12887,49798,Private room,NA,Saint-Ambroise,3,NA,2,1,71,2,48.861785,2.379925,2015-01-13T05:28:07Z
13203,51559,Entire home/apt,NA,Notre-Dame,2,5,8,4,1087,3,48.852525,2.358056,2015-01-13T11:36:34Z
13340,52053,Entire home/apt,NA,Arts-et-Metiers,0,NA,2,2,489,1,48.864642,2.354619,2015-01-12T23:28:28Z
14011,55023,Entire home/apt,NA,Saint-Georges,10,4.5,3,2,201,3,48.880202,2.339085,2015-01-13T15:58:30Z
14332,55772,Entire home/apt,NA,Hôpital-Saint-Louis,147,5,2,1,87,4,48.872661,2.366844,2015-01-13T22:58:13Z
14399,6792,Entire home/apt,NA,Roquette,1,5,4,0,187,3,48.855755,2.375324,2015-01-13T03:06:44Z
14540,57150,Entire home/apt,NA,Mail,3,5,3,1,116,21,48.869995,2.345584,2015-01-13T17:55:03Z
14757,57954,Entire home/apt,NA,Clignancourt,53,4.5,3,NA,116,3,48.890522,2.344533,2015-01-13T13:34:33Z
14845,58357,Entire home/apt,NA,Notre-Dame,154,5,4,NA,145,3,48.850925,2.355018,2015-01-13T23:04:15Z
14897,58619,Entire home/apt,NA,Salpêtrière,38,4.5,4,1,188,3,48.838485,2.357632,2015-01-13T01:38:08Z
14903,58645,Entire home/apt,NA,Amérique,8,5,4,1,116,7,48.88275,2.386259,2015-01-13T02:16:17Z
14941,58819,Entire home/apt,NA,Grandes-Carrières,3,5,3,1,72,5,48.883652,2.33477,2015-01-13T06:02:28Z
15457,60531,Entire home/apt,NA,Archives,56,4.5,2,1,113,4,48.861375,2.361867,2015-01-13T06:25:13Z
15593,61019,Entire home/apt,NA,Saint-Ambroise,66,5,4,1,142,5,48.863416,2.378401,2015-01-13T21:02:59Z
15824,61931,Entire home/apt,NA,Halles,26,4.5,2,NA,57,1,48.865017,2.343816,2015-01-13T18:21:38Z
16451,64043,Entire home/apt,NA,Combat,10,5,6,3,203,3,48.878866,2.376415,2015-01-13T03:29:21Z
16455,64054,Entire home/apt,NA,Salpêtrière,2,5,5,1,80,3,48.836162,2.363233,2015-01-13T03:54:32Z
16457,64057,Entire home/apt,NA,Saint-Gervais,189,4.5,2,1,109,2,48.855026,2.360604,2015-01-13T04:05:36Z
16469,64075,Entire home/apt,NA,Hôpital-Saint-Louis,102,4.5,2,NA,100,2,48.872334,2.36769,2015-01-13T05:16:35Z
19306,73530,Entire home/apt,NA,Salpêtrière,80,5,4,1,142,2,48.837472,2.354661,2015-01-13T07:21:11Z
16912,65585,Entire home/apt,NA,Clignancourt,41,4.5,3,1,71,6,48.890487,2.341312,2015-01-12T22:14:42Z
17014,65962,Entire home/apt,NA,Monnaie,6,4.5,2,NA,167,4,48.85454,2.337442,2015-01-13T08:33:45Z
17066,66151,Private room,NA,Belleville,18,5,1,1,65,3,48.872662,2.38193,2015-01-13T14:08:14Z
17283,67010,Entire home/apt,NA,Hôpital-Saint-Louis,13,4.5,4,2,159,2,48.870331,2.371522,2015-01-13T09:57:04Z
17287,64055,Entire home/apt,NA,Pont-de-Flandre,5,4,5,1,114,3,48.895662,2.383069,2015-01-13T10:22:27Z
17303,67118,Entire home/apt,NA,Porte-Saint-Martin,208,4.5,5,0,100,1,48.871853,2.358475,2015-01-13T12:02:55Z
17347,67353,Entire home/apt,NA,Porte-Saint-Martin,16,4.5,4,1,159,4,48.869643,2.356771,2015-01-13T16:52:08Z
17372,55023,Private room,NA,Rochechouart,40,4.5,1,1,78,2,48.878848,2.340674,2015-01-13T19:37:26Z
17592,68136,Entire home/apt,NA,Porte-Saint-Martin,64,5,4,1,156,3,48.870654,2.367607,2015-01-13T15:38:46Z
17719,58653,Private room,NA,Madeleine,26,5,2,1,204,3,48.872664,2.313348,2015-01-13T02:16:34Z
17918,20633,Entire home/apt,NA,Saint-Georges,2,4,5,2,159,2,48.882817,2.332724,2015-01-13T23:09:48Z
17919,20633,Private room,NA,Saint-Georges,34,4.5,2,1,87,1,48.883266,2.332924,2015-01-13T23:15:17Z
17994,69389,Entire home/apt,NA,Halles,95,4.5,2,1,403,3,48.86093,2.342542,2015-01-13T04:11:35Z
18965,72582,Entire home/apt,NA,Sorbonne,84,4.5,4,1,219,1,48.851526,2.345969,2015-01-12T22:44:21Z
18993,72633,Entire home/apt,NA,Clignancourt,14,4.5,2,1,77,2,48.890007,2.34584,2015-01-13T01:38:31Z
19029,72713,Entire home/apt,NA,Saint-Georges,36,4.5,2,0,109,3,48.883084,2.332827,2015-01-13T05:16:56Z
19150,71496,Entire home/apt,NA,Goutte-dOr,2,4.5,3,1,145,3,48.885646,2.359059,2015-01-13T18:08:30Z
19260,73423,Entire home/apt,NA,St-Germain-lAuxerrois,76,4.5,4,1,195,2,48.857637,2.345552,2015-01-13T02:48:23Z
19666,74520,Entire home/apt,NA,Val-de-Grace,0,NA,1,1,87,5,48.843138,2.341815,2015-01-13T18:36:23Z
20176,76355,Entire home/apt,NA,Invalides,158,4.5,4,1,196,3,48.858502,2.314235,2015-01-13T18:22:15Z
20823,73530,Entire home/apt,NA,Jardin-des-Plantes,74,5,6,1,159,3,48.839006,2.354611,2015-01-13T05:28:40Z
21004,79843,Entire home/apt,NA,Bel-Air,56,5,5,2,268,2,48.840001,2.400672,2015-01-12T21:44:09Z
21167,80630,Private room,NA,Grandes-Carrières,24,4.5,2,1,87,2,48.893799,2.335836,2015-01-13T14:38:49Z
21194,73530,Entire home/apt,NA,Jardin-des-Plantes,60,4.5,4,NA,123,2,48.838061,2.354173,2015-01-13T17:41:20Z
21264,81070,Entire home/apt,NA,Sainte-Marguerite,14,5,5,3,123,5,48.851399,2.391894,2015-01-12T22:15:06Z
21282,81178,Entire home/apt,NA,Goutte-dOr,18,4,4,2,100,2,48.886906,2.354826,2015-01-13T00:07:10Z
21314,81352,Entire home/apt,NA,Porte-Saint-Denis,99,4.5,2,1,100,5,48.872752,2.352513,2015-01-13T03:24:44Z
21388,81728,Entire home/apt,NA,Porte-Saint-Denis,5,4.5,6,2,145,3,48.87425,2.356304,2015-01-13T10:52:43Z
21419,81840,Entire home/apt,NA,Bonne-Nouvelle,36,4.5,3,1,130,5,48.86631,2.350327,2015-01-13T14:13:24Z
21421,81848,Entire home/apt,NA,Grandes-Carrières,230,4.5,4,1,123,1,48.887995,2.335802,2015-01-13T14:26:43Z
21860,165470,Entire home/apt,NA,Bonne-Nouvelle,107,4.5,2,1,85,4,48.864872,2.349333,2015-01-13T06:45:02Z
21977,84134,Entire home/apt,NA,Charonne,6,4,3,1,125,5,48.853528,2.402206,2015-01-13T19:19:59Z
22046,84413,Entire home/apt,NA,Saint-Thomas-dAquin,6,5,4,3,499,4,48.856393,2.323923,2015-01-12T23:42:13Z
22321,59987,Entire home/apt,NA,Halles,207,4.5,4,1,181,3,48.858788,2.3483,2015-01-13T01:39:02Z
22382,85955,Entire home/apt,NA,Saint-Avoye,62,5,2,1,109,4,48.86296,2.355781,2015-01-13T07:45:24Z
22384,85970,Entire home/apt,NA,Notre-Dame,153,4.5,2,0,122,2,48.851189,2.35679,2015-01-13T07:56:20Z
212011,1038969,Entire home/apt,NA,Picpus,9,4.5,4,1,58,2,48.840223,2.396689,2015-01-13T01:01:22Z
22528,86702,Entire home/apt,NA,Amérique,1,4,2,1,145,3,48.876066,2.393275,2015-01-11T20:37:04Z
22888,88562,Entire home/apt,NA,Père-Lachaise,5,5,6,2,159,2,48.858158,2.399736,2015-01-13T07:09:36Z
22932,88729,Private room,NA,Petit-Montrouge,11,4.5,2,1,45,1,48.821297,2.324106,2015-01-13T11:44:58Z
22979,89023,Private room,NA,Notre-Dame,141,5,2,1,94,3,48.853472,2.350728,2015-01-13T16:52:39Z
23107,89808,Entire home/apt,NA,Sainte-Marguerite,17,4.5,5,3,174,6,48.852378,2.387027,2015-01-13T03:29:57Z
23198,90446,Entire home/apt,NA,Muette,4,5,4,1,361,4,48.864034,2.273983,2015-01-13T12:46:34Z
23441,91706,Entire home/apt,NA,Grandes-Carrières,45,4.5,2,NA,101,2,48.884506,2.33439,2015-01-13T11:25:15Z
23502,92069,Entire home/apt,NA,Belleville,3,5,2,1,116,1,48.870995,2.388643,2015-01-13T18:09:08Z
23568,73423,Entire home/apt,NA,Saint-Ambroise,93,4.5,4,1,142,2,48.861018,2.377506,2015-01-12T22:15:22Z
23700,93997,Entire home/apt,NA,Saint-Lambert,7,3,2,1,72,2,48.831769,2.306145,2015-01-13T11:45:07Z
