room_id,host_id,room_type,borough,neighborhood,reviews,overall_satisfaction,accommodates,bedrooms,price,minstay,latitude,longitude,last_modified
2623,2883,Private room,NA,Sorbonne,26,4,2,NA,119,1,48.852169,2.347332,2013-12-05T01:06:15Z
3024,3416,Entire home/apt,NA,Saint-Georges,37,5,2,NA,74,2,48.8831,2.334202,2013-12-01T21:27:35Z
3109,3631,Entire home/apt,NA,Plaisance,0,NA,2,1,126,2,48.833494,2.318518,2013-12-01T22:03:16Z
4886,6792,Entire home/apt,NA,Folie-Méricourt,2,5,2,NA,147,3,48.865283,2.37115,2013-12-01T21:28:01Z
4890,6792,Entire home/apt,NA,Arts-et-Metiers,5,4.5,4,1,208,3,48.86409,2.356515,2013-12-06T15:15:23Z
5396,7903,Entire home/apt,NA,Notre-Dame,39,5,2,NA,134,7,48.852067,2.358712,2013-12-06T04:22:19Z
6602,14922,Entire home/apt,NA,Halles,83,4.5,2,NA,111,2,48.863205,2.350065,2013-12-02T00:19:11Z
7396,19604,Private room,NA,Grandes-Carrières,102,5,2,1,111,2,48.884421,2.335061,2013-12-01T23:19:56Z
7397,2626,Entire home/apt,NA,Saint-Merri,76,5,4,2,171,6,48.857416,2.353378,2013-12-05T00:20:12Z
7964,22155,Entire home/apt,NA,Faubourg-Montmartre,1,4,4,2,224,3,48.873905,2.343108,2013-12-06T14:41:25Z
8012,6792,Entire home/apt,NA,Enfants-Rouges,3,5,4,1,283,3,48.864359,2.359821,2013-12-06T14:53:19Z
8291,23964,Entire home/apt,NA,Sainte-Marguerite,3,5,6,2,209,4,48.854211,2.393629,2013-12-06T13:12:49Z
8522,25435,Entire home/apt,NA,Père-Lachaise,1,5,3,1,134,3,48.865279,2.393263,2013-12-01T21:28:14Z
9342,30055,Entire home/apt,NA,Grenelle,3,5,9,3,490,3,48.851561,2.284899,2013-12-02T00:17:57Z
9952,33534,Entire home/apt,NA,Saint-Ambroise,1,4.5,2,1,127,5,48.862266,2.371341,2013-12-06T14:46:34Z
10010,33995,Entire home/apt,NA,Saint-Ambroise,5,5,5,2,171,5,48.862775,2.37468,2013-12-03T02:27:39Z
10252,35203,Entire home/apt,NA,Saint-Gervais,8,5,2,1,163,1,48.857299,2.356299,2013-12-01T21:03:34Z
10267,33995,Entire home/apt,NA,Folie-Méricourt,3,4.5,3,1,119,5,48.865416,2.366471,2013-12-02T01:31:39Z
10270,33995,Entire home/apt,NA,Folie-Méricourt,1,3,4,1,127,5,48.86743,2.37524,2013-12-06T04:36:07Z
10459,35203,Private room,NA,Saint-Avoye,0,NA,1,NA,156,2,48.860963,2.354738,2013-12-03T22:58:43Z
10517,36640,Private room,NA,Clignancourt,0,NA,2,1,221,2,48.890551,2.344723,2013-12-01T22:41:31Z
10518,36640,Private room,NA,Clignancourt,0,NA,2,NA,239,2,48.891171,2.343035,2013-12-06T14:16:59Z
10519,36640,Private room,NA,Clignancourt,0,NA,2,NA,238,2,48.892973,2.344963,2013-12-02T01:10:07Z
10520,36640,Private room,NA,Clignancourt,0,NA,2,NA,238,2,48.892406,2.343657,2013-12-05T04:08:58Z
10586,37107,Entire home/apt,NA,Clignancourt,33,5,4,NA,119,4,48.889019,2.346556,2013-12-05T01:18:13Z
10588,37107,Entire home/apt,NA,Clignancourt,14,5,3,NA,111,270,48.889181,2.344901,2013-12-04T01:19:38Z
10963,39761,Entire home/apt,NA,Enfants-Rouges,16,4.5,3,1,142,5,48.862041,2.363818,2013-12-06T01:17:07Z
11170,40963,Entire home/apt,NA,Saint-Victor,123,5,2,NA,104,2,48.846164,2.350571,2013-12-05T23:49:24Z
11214,41330,Entire home/apt,NA,Grenelle,17,4.5,2,NA,113,2,48.846533,2.291745,2013-12-05T23:49:01Z
11332,42022,Entire home/apt,NA,Saint-Georges,0,NA,4,1,137,5,48.881235,2.3399,2013-12-05T02:11:49Z
11397,42287,Entire home/apt,NA,Maison-Blanche,0,NA,4,1,197,5,48.825058,2.349649,2013-12-06T02:55:13Z
11487,42666,Entire home/apt,NA,Saint-Ambroise,2,4.5,2,NA,104,7,48.863499,2.369605,2013-12-05T23:51:29Z
11610,43517,Private room,NA,Villette,0,NA,2,2,112,2,48.882286,2.373127,2013-12-05T01:14:39Z
11631,42367,Entire home/apt,NA,Arsenal,0,NA,4,1,254,4,48.853572,2.364403,2013-12-06T04:49:57Z
11666,43959,Entire home/apt,NA,Belleville,1,4.5,2,NA,89,2,48.869352,2.388102,2013-12-01T21:16:46Z
11798,44444,Entire home/apt,NA,Gare,11,4.5,3,1,171,2,48.824088,2.368255,2013-12-04T00:22:05Z
11848,44626,Entire home/apt,NA,Folie-Méricourt,69,4.5,3,NA,134,2,48.867641,2.378816,2013-12-03T23:55:25Z
11917,45208,Entire home/apt,NA,Saint-Merri,161,5,4,1,158,3,48.860933,2.352804,2013-12-06T01:14:36Z
12069,46190,Private room,NA,Combat,0,NA,2,1,113,2,48.873594,2.380115,2013-12-06T00:34:02Z
12111,35203,Entire home/apt,NA,Saint-Avoye,10,4.5,6,NA,486,2,48.862847,2.354663,2013-12-06T12:43:30Z
12112,35203,Private room,NA,Saint-Avoye,8,4.5,2,NA,164,2,48.862845,2.354894,2013-12-05T01:53:01Z
12113,46534,Private room,NA,Amérique,0,NA,2,NA,187,1,48.881409,2.39771,2013-12-06T03:57:47Z
12114,46534,Private room,NA,Amérique,0,NA,2,NA,187,1,48.879949,2.395811,2013-12-06T13:36:05Z
12268,47196,Private room,NA,Sainte-Marguerite,1,NA,2,1,89,5,48.850901,2.386952,2013-12-06T01:04:46Z
12887,49798,Private room,NA,Saint-Ambroise,2,3.5,2,2,73,2,48.865058,2.377004,2013-12-06T13:43:58Z
12970,50397,Entire home/apt,NA,Arts-et-Metiers,73,4.5,2,NA,90,2,48.863791,2.356887,2013-12-06T13:27:24Z
12993,50542,Entire home/apt,NA,Sainte-Marguerite,2,5,3,NA,111,3,48.854841,2.391292,2013-12-03T23:16:40Z
13111,50985,Entire home/apt,NA,Charonne,0,NA,2,NA,142,2,48.85114,2.406746,2013-12-06T13:32:55Z
13203,51559,Entire home/apt,NA,Notre-Dame,0,NA,8,4,1190,6,48.852525,2.358056,2013-12-05T03:10:37Z
14011,55023,Entire home/apt,NA,Saint-Georges,9,4.5,3,2,148,3,48.880202,2.339085,2013-12-06T02:13:35Z
14203,55740,Entire home/apt,NA,Combat,0,NA,3,1,149,2,48.882478,2.385303,2013-12-02T01:25:54Z
14332,55772,Entire home/apt,NA,Hôpital-Saint-Louis,107,5,2,1,97,4,48.872661,2.366844,2013-12-06T04:17:08Z
14399,6792,Entire home/apt,NA,Roquette,0,NA,4,NA,192,3,48.855755,2.375324,2013-12-02T00:55:19Z
14757,57954,Entire home/apt,NA,Clignancourt,16,4.5,2,NA,119,3,48.890396,2.344807,2013-12-05T03:53:47Z
14845,58357,Entire home/apt,NA,Notre-Dame,130,5,4,NA,149,3,48.850742,2.355404,2013-12-06T00:42:19Z
14862,58452,Entire home/apt,NA,Porte-Saint-Denis,20,4.5,2,1,134,2,48.87249,2.352117,2013-12-05T03:38:55Z
14897,58619,Entire home/apt,NA,Salpêtrière,26,4.5,4,1,164,3,48.838485,2.357632,2013-12-06T02:43:24Z
14903,58645,Entire home/apt,NA,Amérique,8,4.5,4,1,119,30,48.88275,2.386259,2013-12-03T02:04:36Z
15188,59673,Entire home/apt,NA,Sainte-Marguerite,0,NA,3,1,238,1,48.852963,2.384054,2013-12-04T03:58:16Z
15383,60248,Entire home/apt,NA,Clignancourt,39,5,3,1,192,2,48.886075,2.345044,2013-12-05T02:12:39Z
15457,60531,Entire home/apt,NA,Archives,38,4.5,2,1,116,4,48.861607,2.362561,2013-12-05T23:51:16Z
15593,61019,Entire home/apt,NA,Saint-Ambroise,51,5,4,1,129,7,48.863481,2.37846,2013-12-01T23:20:05Z
16317,3416,Entire home/apt,NA,Grandes-Carrières,15,5,2,NA,82,2,48.885029,2.333011,2013-12-04T00:09:18Z
16451,64043,Entire home/apt,NA,Combat,8,5,6,3,209,3,48.878866,2.376415,2013-12-06T15:36:29Z
16455,64054,Entire home/apt,NA,Salpêtrière,0,NA,2,NA,123,1,48.836162,2.363233,2013-12-01T23:05:57Z
16456,64054,Entire home/apt,NA,Salpêtrière,7,4,4,1,119,2,48.835917,2.363311,2013-12-05T00:38:10Z
16457,64057,Entire home/apt,NA,Saint-Gervais,146,5,2,1,142,2,48.854995,2.360566,2013-12-06T16:41:01Z
16469,64075,Entire home/apt,NA,Porte-Saint-Martin,85,4.5,2,NA,104,3,48.871358,2.364742,2013-12-01T22:05:31Z
16855,2764,Private room,NA,Porte-Saint-Martin,48,4.5,1,1,60,5,48.8733,2.36025,2013-12-05T03:55:36Z
16912,65585,Entire home/apt,NA,Clignancourt,39,4.5,3,1,73,3,48.890487,2.341312,2013-12-03T23:11:41Z
17066,66151,Private room,NA,Belleville,11,5,1,1,67,3,48.872662,2.38193,2013-12-06T04:53:04Z
17287,64055,Entire home/apt,NA,Pont-de-Flandre,0,NA,5,1,90,4,48.895372,2.383182,2013-12-06T15:34:11Z
17303,67118,Entire home/apt,NA,Hôpital-Saint-Louis,157,4.5,5,NA,97,1,48.877365,2.365567,2013-12-05T00:35:38Z
17347,67353,Entire home/apt,NA,Arts-et-Metiers,6,5,4,1,164,4,48.868526,2.35765,2013-12-05T02:15:54Z
17372,55023,Private room,NA,Rochechouart,40,5,1,1,80,2,48.878657,2.340814,2013-12-02T01:14:32Z
17592,68136,Entire home/apt,NA,Porte-Saint-Martin,54,5,4,1,160,3,48.870654,2.367607,2013-12-01T22:41:03Z
17719,58653,Private room,NA,Madeleine,10,4.5,2,1,209,3,48.872664,2.313348,2013-12-04T01:13:15Z
17919,20633,Private room,NA,Saint-Georges,17,4.5,2,1,89,1,48.883266,2.332924,2013-12-01T23:28:19Z
17994,69389,Entire home/apt,NA,Halles,78,4.5,2,1,251,3,48.86093,2.342542,2013-12-01T23:54:37Z
18993,72633,Entire home/apt,NA,Clignancourt,5,4.5,2,1,101,2,48.890007,2.34584,2013-12-01T23:09:41Z
19150,71496,Entire home/apt,NA,Goutte-dOr,2,4.5,3,1,149,3,48.885646,2.359059,2013-12-05T03:20:00Z
19243,55772,Entire home/apt,NA,Archives,13,5,2,NA,126,5,48.857007,2.364703,2013-12-03T23:28:27Z
19260,73423,Entire home/apt,NA,St-Germain-lAuxerrois,31,4.5,4,1,201,2,48.857637,2.345552,2013-12-05T00:46:25Z
19306,73530,Entire home/apt,NA,Salpêtrière,61,5,4,NA,146,3,48.837469,2.354637,2013-12-05T04:17:01Z
19666,74520,Entire home/apt,NA,Val-de-Grace,0,NA,1,1,75,14,48.843138,2.341815,2013-12-06T02:30:11Z
20176,76355,Entire home/apt,NA,Invalides,115,5,4,1,215,3,48.858502,2.314235,2013-12-01T23:15:47Z
20384,76355,Entire home/apt,NA,St-Germain-lAuxerrois,115,4.5,4,1,157,2,48.858282,2.341969,2013-12-06T17:20:02Z
20823,73530,Entire home/apt,NA,Jardin-des-Plantes,55,5,6,1,163,2,48.839006,2.354611,2013-12-01T23:41:24Z
21004,79843,Entire home/apt,NA,Bel-Air,49,4.5,5,2,277,2,48.840001,2.400672,2013-12-06T14:41:49Z
21194,73530,Entire home/apt,NA,Jardin-des-Plantes,45,4.5,4,NA,127,2,48.838061,2.354173,2013-12-05T23:31:26Z
21264,81070,Entire home/apt,NA,Sainte-Marguerite,12,5,5,3,119,5,48.851399,2.391894,2013-12-05T00:59:42Z
21282,81178,Entire home/apt,NA,Goutte-dOr,18,4.5,4,2,103,2,48.886906,2.354826,2013-12-05T00:53:19Z
21314,81352,Entire home/apt,NA,Porte-Saint-Denis,99,5,2,1,103,5,48.872752,2.352513,2013-12-01T21:03:51Z
21388,81728,Entire home/apt,NA,Porte-Saint-Denis,2,3,4,1,128,5,48.87425,2.356304,2013-12-04T00:51:40Z
21389,81728,Entire home/apt,NA,Porte-Saint-Denis,6,4.5,4,1,128,5,48.876139,2.357339,2013-12-06T00:21:08Z
21419,81840,Entire home/apt,NA,Bonne-Nouvelle,25,4.5,3,1,119,5,48.86631,2.350327,2013-12-03T23:03:03Z
21421,81848,Entire home/apt,NA,Grandes-Carrières,161,5,4,1,127,1,48.887995,2.335802,2013-12-06T03:17:44Z
21860,165470,Entire home/apt,NA,Bonne-Nouvelle,78,4.5,2,1,95,3,48.864872,2.349333,2013-12-05T00:35:28Z
21940,81740,Entire home/apt,NA,Clignancourt,12,4,2,1,134,3,48.888758,2.3452480000000002,2013-12-05T04:03:34Z
21977,84134,Entire home/apt,NA,Père-Lachaise,1,4.5,3,1,142,5,48.858259,2.391717,2013-12-06T12:59:18Z
