room_id,survey_id,host_id,room_type,country,city,borough,neighborhood,reviews,overall_satisfaction,accommodates,bedrooms,bathrooms,price,minstay,name,property_type,last_modified,latitude,longitude,location
10047973,1478,48528719,Shared room,NA,Paris,NA,Gare,1,0,4,1,NA,108,NA,놀러와 파리 민박-도미토리룸(3~4인실),Apartment,2017-07-30T15:04:34Z,48.820876,2.368195,0101000020E6100000E0675C3810F202402009FB7612694840
2864617,1478,4531179,Shared room,NA,Paris,NA,Villette,32,4,5,1,NA,59,NA,A Cheap flat & nice roomates ;-),Apartment,2017-07-30T15:04:27Z,48.889049,2.375192,0101000020E610000044C4CDA96400034050C58D5BCC714840
5862381,1478,30438981,Shared room,NA,Paris,NA,Saint-Georges,0,0,2,1,NA,121,NA,PIGALLE,Apartment,2017-07-30T15:04:14Z,48.881504,2.338549,0101000020E61000007FBF982D59B5024087A5811FD5704840
17197886,1478,115781027,Shared room,NA,Paris,NA,Necker,0,0,3,1,NA,93,NA,Salon dans colocation,Apartment,2017-07-30T15:04:10Z,48.83845,2.315149,0101000020E6100000D4EFC2D66C85024065AA6054526B4840
16103729,1478,77134343,Shared room,NA,Paris,NA,Villette,4,4.5,4,1,NA,100,NA,Modern Apartment in Paris ❤️ !,Apartment,2017-07-30T15:04:08Z,48.889861,2.375848,0101000020E6100000D522A298BC010340317E1AF7E6714840
7027668,1478,36842314,Shared room,NA,Paris,NA,Notre-Dame-des-Champs,29,3.5,2,1,NA,91,NA,Salon chambre a Montparnasse,Apartment,2017-07-30T15:04:08Z,48.841638,2.33116,0101000020E610000067F2CD3637A60240128942CBBA6B4840
11663141,1478,10097790,Shared room,NA,Paris,NA,Muette,0,0,2,1,NA,67,NA,romantic parisian appartment,Apartment,2017-07-30T15:04:05Z,48.857946,2.279098,0101000020E6100000350873BB973B0240F4DDAD2CD16D4840
1725709,1478,8202138,Shared room,NA,Paris,NA,Maison-Blanche,4,5,2,1,NA,65,NA,Chambre ds grd appart dans le 13e,Apartment,2017-07-30T15:04:03Z,48.826304,2.34711,0101000020E61000009EEA909BE1C60240E9465854C4694840
8006501,1478,25948689,Shared room,NA,Paris,NA,Saint-Ambroise,7,5,2,1,NA,82,NA,Shared flat Paris centre,Apartment,2017-07-30T15:04:03Z,48.865244,2.377881,0101000020E6100000FB3C4679E6050340B587BD50C06E4840
7178563,1478,13689310,Shared room,NA,Paris,NA,Saint-Vincent-de-Paul,1,0,2,1,NA,72,NA,Charmant 41m² idéalement placé,Apartment,2017-07-30T15:04:03Z,48.8835,2.361185,0101000020E6100000327216F6B4E302400C022B8716714840
8484250,1478,44683350,Shared room,NA,Paris,NA,Grandes-Carrières,10,5,2,1,NA,72,NA,Sofa-bed in exceptional Duplex Jacuzzi* & Terraces,Bed & Breakfast,2017-07-30T15:03:58Z,48.892709,2.338454,0101000020E6100000639AE95E27B5024025ECDB4944724840
19165802,1478,47873432,Shared room,NA,Paris,NA,Belleville,1,0,2,1,NA,46,NA,LE 24 / Cosy & design,Apartment,2017-07-30T15:03:56Z,48.867887,2.386248,0101000020E6100000CC29013109170340D1CFD4EB166F4840
11270024,1478,15773597,Shared room,NA,Paris,NA,Plaine-Monceau,3,4.5,2,1,NA,47,NA,Canapé -lit Paris 17ème,Apartment,2017-07-30T15:03:53Z,48.888392,2.30126,0101000020E610000062BEBC00FB68024097033DD4B6714840
8679400,1478,22644603,Shared room,NA,Paris,NA,Villette,3,4.5,2,1,NA,48,NA,Canapé-lit XL (Double Salon Privé),Apartment,2017-07-30T15:03:53Z,48.889426,2.376261,0101000020E610000001158E2095020340261B0FB6D8714840
8716052,1478,3555986,Shared room,NA,Paris,NA,Goutte-dOr,7,4.5,2,1,NA,48,NA,Cozy & bright room near Montmartre,Apartment,2017-07-30T15:03:53Z,48.886614,2.351886,0101000020E6100000AF5C6F9BA9D002407F164B917C714840
14417600,1478,25000833,Shared room,NA,Paris,NA,Grenelle,0,0,2,1,NA,42,NA,Lit dans salon,Apartment,2017-07-30T15:03:53Z,48.847802,2.297491,0101000020E6100000AED51EF642610240E0BDA3C6846C4840
4912073,1478,25118143,Shared room,NA,Paris,NA,Saint-Lambert,0,0,2,1,NA,61,NA,Cosy and Modern Studio (39m²).,Apartment,2017-07-30T15:03:51Z,48.83528,2.308817,0101000020E610000035971B0C757802405E807D74EA6A4840
4992753,1478,21152671,Shared room,NA,Paris,NA,Plaine-Monceau,4,4,2,1,NA,57,NA,studio au cœur du 17 eme,Apartment,2017-07-30T15:03:47Z,48.886343,2.306377,0101000020E610000005F9D9C875730240EE04FBAF73714840
12150107,1478,30765601,Shared room,NA,Paris,NA,Saint-Fargeau,0,0,2,1,NA,40,NA,Pelleport_Sejour,Apartment,2017-07-30T15:03:37Z,48.870763,2.398779,0101000020E610000016A75A0BB33003408EC87729756F4840
12355517,1478,5746707,Shared room,NA,Paris,NA,Amérique,0,0,4,1,NA,36,NA,Salon dans très bel appartement,Apartment,2017-07-30T15:03:37Z,48.878669,2.397347,0101000020E6100000484F9143C42D03402881CD3978704840
15111499,1478,95729658,Shared room,NA,Paris,NA,Maison-Blanche,3,4.5,2,1,NA,32,NA,Nice bright room.,Apartment,2017-07-30T15:03:37Z,48.823194,2.360339,0101000020E610000069C9E369F9E10240B821C66B5E694840
7216654,1478,8186525,Shared room,NA,Paris,NA,Saint-Fargeau,21,5,2,1,NA,39,NA,Comfy couch big enough for 2 adults,Apartment,2017-07-30T15:03:37Z,48.874737,2.400773,0101000020E61000005EF58079C8340340F3CCCB61F76F4840
5899522,1478,3557601,Shared room,NA,Paris,NA,Villette,1,0,2,1,NA,36,NA,A bed for 1 or few nights :),Apartment,2017-07-30T15:03:37Z,48.891825,2.376216,0101000020E610000001DBC1887D020340AA60545227724840
19569241,1478,33183335,Shared room,NA,Paris,NA,Auteuil,1,0,2,1,NA,40,NA,"Grand appart lumineux Paris, proche des transports",Apartment,2017-07-30T15:03:34Z,48.839442,2.259808,0101000020E6100000D1E9793716140240C571E0D5726B4840
19511953,1478,9645784,Shared room,NA,Paris,NA,Plaisance,0,0,2,1,NA,181,NA,Bel appartement ALESIA,Apartment,2017-07-30T15:03:22Z,48.82893,2.320601,0101000020E6100000E884D041979002402E56D4601A6A4840
19627977,1478,6193270,Shared room,NA,Paris,NA,Saint-Fargeau,0,0,5,1,NA,181,NA,Beautiful family house in Paris,Townhouse,2017-07-30T15:03:22Z,48.871197,2.396791,0101000020E6100000EFC682C2A02C0340C9AF1F62836F4840
8453575,1478,44500136,Shared room,NA,Paris,NA,Saint-Ambroise,0,0,1,1,NA,158,NA,appartement 11ème arrondissement,Apartment,2017-07-30T15:03:22Z,48.864459,2.378361,0101000020E6100000A4A7C821E2060340CEDDAE97A66E4840
18513353,1478,7540698,Shared room,NA,Paris,NA,Goutte-dOr,1,0,2,1,NA,109,NA,Convertible sofa in cosy appartmt near Sacré-Cœur,Apartment,2017-07-30T15:03:18Z,48.890646,2.359504,0101000020E6100000DD3F16A243E00240172829B000724840
13620030,1478,78881356,Shared room,NA,Paris,NA,Roquette,0,0,2,1,NA,121,NA,BASTILLE,Apartment,2017-07-30T15:03:18Z,48.854546,2.376561,0101000020E6100000AB97DF6932030340BC7669C3616D4840
18369140,1478,35001234,Shared room,NA,Paris,NA,Grenelle,1,0,1,1,NA,109,NA,Salon à proximité de la tour Eiffel,Apartment,2017-07-30T15:03:18Z,48.8535,2.288583,0101000020E6100000DA73999A044F02406891ED7C3F6D4840
9353769,1478,48454470,Shared room,NA,Paris,NA,Saint-Vincent-de-Paul,1,0,1,1,NA,121,NA,shared room in 10th,House,2017-07-30T15:03:18Z,48.882401,2.366662,0101000020E6100000D47C957CECEE0240967A1684F2704840
9467975,1478,14964937,Shared room,NA,Paris,NA,Saint-Victor,0,0,1,1,NA,121,NA,navarre,Apartment,2017-07-30T15:03:18Z,48.84494,2.35181,0101000020E6100000FF3EE3C281D00240878A71FE266C4840
15673375,1478,320385,Shared room,NA,Paris,NA,Roquette,1,0,1,1,NA,121,NA,cozy/clean/nice sofa near Bastille,Apartment,2017-07-30T15:03:18Z,48.858803,2.379393,0101000020E61000008FA67A32FF080340755AB741ED6D4840
7728000,1478,15270308,Shared room,NA,Paris,NA,Grenelle,0,0,1,1,NA,121,NA,Bel Appartement Bien situé !,Apartment,2017-07-30T15:03:18Z,48.845337,2.293157,0101000020E61000006EBF7CB262580240A48CB800346C4840
1381312,1478,2914143,Shared room,NA,Paris,NA,Batignolles,1,0,2,1,NA,121,NA,1 bedroom full equipped apart 17e,Apartment,2017-07-30T15:03:18Z,48.881948,2.317504,0101000020E610000021CB82893F8A0240E5620CACE3704840
10616995,1478,12613896,Shared room,NA,Paris,NA,Bonne-Nouvelle,17,4,4,1,NA,105,NA,Loft in Montorgueil area,Loft,2017-07-30T15:03:18Z,48.864866,2.348171,0101000020E61000002E5393E00DC902400FB6D8EDB36E4840
6229512,1478,21421264,Shared room,NA,Paris,NA,Grandes-Carrières,71,4.5,2,1,NA,115,NA,"""Montmartre"" the best neighborhood in Paris 18ème",Apartment,2017-07-30T15:03:18Z,48.886068,2.335574,0101000020E61000006D1ADB6B41AF02401D041DAD6A714840
18500441,1478,35633807,Shared room,NA,Paris,NA,Saint-Gervais,0,0,4,1,NA,121,NA,"Appartement, loft sous les toits",Apartment,2017-07-30T15:03:18Z,48.855504,2.362487,0101000020E61000001CCD91955FE6024071CCB227816D4840
16326530,1478,106863421,Shared room,NA,Paris,NA,Grandes-Carrières,0,0,1,1,NA,84,NA,Petite Chambre pour une personne,Apartment,2017-07-30T15:03:15Z,48.886701,2.338255,0101000020E6100000F8AA9509BFB402404E2A1A6B7F714840
4692372,1478,2893280,Shared room,NA,Paris,NA,Grandes-Carrières,0,0,2,1,NA,84,NA,Chambre avec tout le confort 23 mq,Apartment,2017-07-30T15:03:15Z,48.891803,2.328438,0101000020E6100000F31B261AA4A00240C3BCC79926724840
19762225,1478,139458378,Shared room,NA,Paris,NA,Javel 15Art,0,0,3,1,NA,84,NA,Appartement tour eiffel,Apartment,2017-07-30T15:03:15Z,48.843727,2.277943,0101000020E61000008F37F92D3A39024048E00F3FFF6B4840
6346561,1478,33055862,Shared room,NA,Paris,NA,Petit-Montrouge,0,0,2,1,NA,84,NA,Petite chambre calme - Alesia,Apartment,2017-07-30T15:03:15Z,48.826706,2.331218,0101000020E6100000B0C56E9F55A6024018B49080D1694840
6073079,1478,29911261,Shared room,NA,Paris,NA,La Chapelle,0,0,1,1,NA,88,NA,Studio proche centre paris,Apartment,2017-07-30T15:03:15Z,48.899495,2.362544,0101000020E610000061E3FA777DE6024030F5F3A622734840
9768610,1478,47997201,Shared room,NA,Paris,NA,Folie-Méricourt,1,0,1,1,NA,84,NA,Appartement sympathique,Apartment,2017-07-30T15:03:15Z,48.867834,2.373658,0101000020E6100000321CCF6740FD0240AE2D3C2F156F4840
17747432,1478,118704345,Shared room,NA,Paris,NA,Val-de-Grace,0,0,2,1,NA,84,NA,Appartement PARIS 5,Apartment,2017-07-30T15:03:15Z,48.840352,2.347119,0101000020E6100000D28F8653E6C60240699082A7906B4840
9466839,1478,35786136,Shared room,NA,Paris,NA,Ecole-Militaire,1,0,1,1,NA,97,NA,Beau studio côté st Germain,Bed & Breakfast,2017-07-30T15:03:15Z,48.85115,2.319072,0101000020E6100000F38DE89E758D0240C5FEB27BF26C4840
3960199,1478,20522621,Shared room,NA,Paris,NA,Saint-Lambert,3,4,3,1,NA,96,NA,A perfect spot at Paris 15ème,Apartment,2017-07-30T15:03:15Z,48.835678,2.309447,0101000020E610000033C34659BF7902404CFE277FF76A4840
1330663,1478,7218072,Shared room,NA,Paris,NA,Epinettes,0,0,2,1,NA,95,NA,Appartement // Idéal pour un couple,Apartment,2017-07-30T15:03:13Z,48.891621,2.321332,0101000020E61000002444F98216920240A2B60DA320724840
20007897,1478,3606163,Shared room,NA,Paris,NA,Saint-Lambert,0,0,2,1,NA,84,NA,"Cozy, bright & charming studio",Bed & Breakfast,2017-07-30T15:03:13Z,48.834517,2.310102,0101000020E6100000BF64E3C1167B02405F7AFB73D16A4840
17243525,1478,13438834,Shared room,NA,Paris,NA,Saint-Gervais,2,0,1,1,NA,84,NA,Shared bedroom in le marais,Apartment,2017-07-30T15:03:13Z,48.856485,2.358297,0101000020E61000000F0A4AD1CADD0240DD41EC4CA16D4840
11122880,1478,14764048,Shared room,NA,Paris,NA,Saint-Victor,15,4.5,2,1,NA,84,NA,Chambre dans un appartement a paris,Apartment,2017-07-30T15:03:13Z,48.850342,2.353248,0101000020E6100000EE04FBAF73D302402635B401D86C4840
14203059,1478,51943712,Shared room,NA,Paris,NA,Sorbonne,0,0,2,1,NA,84,NA,Lindo studio para pareja con vista a Notre Dame,Apartment,2017-07-30T15:03:13Z,48.851806,2.34751,0101000020E61000008143A852B3C70240AF44A0FA076D4840
5752076,1478,29842330,Shared room,NA,Paris,NA,La Chapelle,6,4.5,2,1,NA,96,NA,Charmant 2 pièces,Apartment,2017-07-30T15:03:13Z,48.891095,2.36331,0101000020E6100000637AC2120FE802408750A5660F724840
6057158,1478,15669323,Shared room,NA,Paris,NA,Clignancourt,0,0,1,1,NA,103,NA,Bel Appartement dans le 18eme,Apartment,2017-07-30T15:03:13Z,48.890375,2.349391,0101000020E6100000462234828DCB02408716D9CEF7714840
12727026,1478,9210527,Shared room,NA,Paris,NA,Saint-Lambert,0,0,2,1,NA,101,NA,Appartement chic parisien,Apartment,2017-07-30T15:03:13Z,48.835715,2.301025,0101000020E61000002A3A92CB7F68024069E388B5F86A4840
1350066,1478,7325544,Shared room,NA,Paris,NA,Quinze-Vingts,0,0,4,1,NA,91,NA,"apartment ""marché d'Aligre""",Apartment,2017-07-30T15:03:13Z,48.85047,2.37374,0101000020E610000005A8A9656BFD0240541D7233DC6C4840
15321000,1478,13955171,Shared room,NA,Paris,NA,Goutte-dOr,7,4.5,2,1,NA,91,NA,Appartement lumineux Paris 18,Apartment,2017-07-30T15:03:13Z,48.889677,2.357108,0101000020E6100000A81E69705BDB02406F8099EFE0714840
18908591,1478,131775854,Shared room,NA,Paris,NA,Javel 15Art,0,0,3,1,NA,97,NA,Beau 2 pièces PARIS 15 proche Tour Eiffel,Apartment,2017-07-30T15:03:13Z,48.843385,2.285452,0101000020E6100000519FE40E9B480240EE77280AF46B4840
9430172,1478,48877124,Shared room,NA,Paris,NA,Petit-Montrouge,0,0,2,1,NA,91,NA,20 min from the heart of Paris,Apartment,2017-07-30T15:03:13Z,48.824893,2.319424,0101000020E6100000C5758C2B2E8E024084D9041896694840
8495506,1478,12380985,Shared room,NA,Paris,NA,Roquette,0,0,1,1,NA,91,NA,Petit studio a partager a paris,Apartment,2017-07-30T15:03:13Z,48.859772,2.381958,0101000020E61000008690F3FE3F0E03401D0247020D6E4840
15830649,1478,75164195,Shared room,NA,Paris,NA,Ecole-Militaire,1,0,1,1,NA,103,NA,Chambre Paris centre,Apartment,2017-07-30T15:03:13Z,48.849674,2.304513,0101000020E6100000A0A70183A46F024079211D1EC26C4840
13710863,1478,80057898,Shared room,NA,Paris,NA,Europe,0,0,2,1,NA,97,NA,Chambre spacieuse dans appartement de caractère,Apartment,2017-07-30T15:03:13Z,48.880868,2.325548,0101000020E6100000C539EAE8B89A0240E50B5A48C0704840
17458663,1478,35180026,Shared room,NA,Paris,NA,Villette,0,0,2,1,NA,91,NA,Apartment for 2 in Paris,Apartment,2017-07-30T15:03:13Z,48.89135,2.371559,0101000020E61000009546CCECF3F8024012A5BDC117724840
17120340,1478,115033778,Shared room,NA,Paris,NA,Halles,0,0,1,1,NA,85,NA,Salon disponible à Paris,Apartment,2017-07-30T15:03:13Z,48.860312,2.348144,0101000020E61000009563B2B8FFC802409D2D20B41E6E4840
17832115,1478,19620875,Shared room,NA,Paris,NA,Halles,7,5,2,1,NA,63,NA,Vaste chambre à côté du musée du Louvre,Bed & Breakfast,2017-07-30T15:03:10Z,48.860944,2.34114,0101000020E61000000ADCBA9BA7BA0240FED7B969336E4840
11691647,1478,12615520,Shared room,NA,Paris,NA,Europe,1,0,1,1,NA,67,NA,Nice and cosy in the best location!,Apartment,2017-07-30T15:03:10Z,48.877749,2.319362,0101000020E610000064AE0CAA0D8E0240618C48145A704840
3923956,1478,20326759,Shared room,NA,Paris,NA,Grandes-Carrières,0,0,2,1,NA,67,NA,Appartement proche Montmartre calme,Apartment,2017-07-30T15:03:10Z,48.892665,2.328924,0101000020E6100000BFF4F6E7A2A1024055A4C2D842724840
10118452,1478,13404645,Shared room,NA,Paris,NA,Belleville,1,0,2,1,NA,72,NA,Cosy flat 4p in high Belleville,Apartment,2017-07-30T15:03:10Z,48.873976999999996,2.395621,0101000020E6100000F3E2C4573B2A0340643A747ADE6F4840
3109849,1478,15806288,Shared room,NA,Paris,NA,Salpêtrière,1,0,1,1,NA,69,NA,Espace chambre dans Spacieux Studio,Apartment,2017-07-30T15:03:10Z,48.836368,2.352677,0101000020E61000004069A85148D20240E1B54B1B0E6B4840
18922614,1478,114363528,Shared room,NA,Paris,NA,Archives,0,0,3,1,NA,70,NA,Large apartment in Le Marais (feel like a local),Apartment,2017-07-30T15:03:10Z,48.860582,2.365492,0101000020E6100000D998D71187EC02405DC30C8D276E4840
17469154,1478,118316692,Shared room,NA,Paris,NA,Grandes-Carrières,0,0,2,1,NA,67,NA,collocation d un studio,Apartment,2017-07-30T15:03:10Z,48.88572,2.335033,0101000020E61000006AA510C825AE0240E1B4E0455F714840
18167864,1478,9675658,Shared room,NA,Paris,NA,Ternes,0,0,2,1,NA,63,NA,Michael and Alex's gay home near Champs Elysées,Apartment,2017-07-30T15:03:10Z,48.881136,2.296086,0101000020E61000007A6D3656625E024004AA7F10C9704840
6863593,1478,35966851,Shared room,NA,Paris,NA,Grenelle,0,0,2,1,NA,78,NA,Co-hébergement +vue sur Tour Eiffel,Apartment,2017-07-30T15:03:10Z,48.851696,2.290353,0101000020E6100000295DFA97A45202402711E15F046D4840
18582202,1478,32214330,Shared room,NA,Paris,NA,Grandes-Carrières,0,0,2,1,NA,71,NA,Cozy room in Montmartre,Apartment,2017-07-30T15:03:10Z,48.89092,2.336799,0101000020E6100000A29A92ACC3B1024019ADA3AA09724840
16240571,1478,106164405,Shared room,NA,Paris,NA,Necker,1,0,3,1,NA,72,NA,Cozy Calm Safe flat@15ème/35m2+balcony,Apartment,2017-07-30T15:03:07Z,48.843275,2.306431,0101000020E610000038D89B18927302406744696FF06B4840
6894345,1478,36126886,Shared room,NA,Paris,NA,Bel-Air,0,0,3,1,NA,78,NA,2 pièces dans le 12è - Paris,Apartment,2017-07-30T15:03:07Z,48.838442,2.405275,0101000020E61000005917B7D1003E0340E2CB4411526B4840
5515531,1478,26095542,Shared room,NA,Paris,NA,Roquette,0,0,2,1,NA,78,NA,Magic Room in Magic Paris,Apartment,2017-07-30T15:03:07Z,48.86154,2.387914,0101000020E6100000CB48BDA7721A0340111956F1466E4840
15779251,1478,24969150,Shared room,NA,Paris,NA,Roquette,1,0,1,1,NA,78,NA,Imfortable-Bastille,Apartment,2017-07-30T15:03:07Z,48.853897,2.375635,0101000020E61000001ADD41EC4C0103408693347F4C6D4840
2864244,1478,14627739,Shared room,NA,Paris,NA,Hôpital-Saint-Louis,0,0,2,1,NA,78,NA,Paris Canal Saint Martin,Apartment,2017-07-30T15:03:07Z,48.87385,2.365965,0101000020E61000005AD8D30E7FED024007CE1951DA6F4840
12588228,1478,68279115,Shared room,NA,Paris,NA,Muette,3,4.5,2,1,NA,78,NA,studio,Apartment,2017-07-30T15:03:07Z,48.860797,2.283282,0101000020E6100000205D6C5A2944024059BF99982E6E4840
14242591,1478,23389126,Shared room,NA,Paris,NA,Europe,0,0,3,1,NA,64,NA,Appartement partagé à Batignolles,Apartment,2017-07-30T15:03:07Z,48.88222,2.326007,0101000020E6100000F722DA8EA99B024045F0BF95EC704840
7605989,1478,39891150,Shared room,NA,Paris,NA,Javel 15Art,10,4.5,1,1,NA,78,NA,Flat in 15ème arrondissement (50m2),Apartment,2017-07-30T15:03:07Z,48.841531,2.289673,0101000020E61000000F46EC1340510240FCC8AD49B76B4840
13010041,1478,71775508,Shared room,NA,Paris,NA,Batignolles,0,0,1,1,NA,78,NA,Nice apartment  17ème district .,Apartment,2017-07-30T15:03:07Z,48.89064,2.316312,0101000020E6100000A8A8FA95CE8702403541D47D00724840
18340327,1478,101476533,Shared room,NA,Paris,NA,Saint-Fargeau,0,0,2,1,NA,78,NA,Appartement 42m2 vintage pour un couple ou seul,Apartment,2017-07-30T15:03:07Z,48.873046,2.398475,0101000020E610000055302AA913300340AAF3A8F8BF6F4840
3504079,1478,17641703,Shared room,NA,Paris,NA,Amérique,0,0,2,1,NA,72,NA,Appartement 42 m2 Paris 19 eme,Apartment,2017-07-30T15:03:07Z,48.881622,2.397944,0101000020E61000008A1D8D43FD2E034091B75CFDD8704840
9601858,1478,49691140,Shared room,NA,Paris,NA,Gros-Caillou,0,0,1,1,NA,78,NA,Appartement,Apartment,2017-07-30T15:03:07Z,48.859898,2.299411,0101000020E61000005280289831650240AAF23D23116E4840
7356721,1478,38545775,Shared room,NA,Paris,NA,Saint-Merri,0,0,2,1,NA,64,NA,Studio - 2 personnes,House,2017-07-30T15:03:07Z,48.857295,2.353848,0101000020E6100000420A9E42AED402401D03B2D7BB6D4840
15371173,1478,55378220,Shared room,NA,Paris,NA,Halles,0,0,1,1,NA,67,NA,Collocation en plein cœur de Paris,Apartment,2017-07-30T15:03:07Z,48.863315,2.348842,0101000020E610000015C5ABAC6DCA0240B8921D1B816E4840
1818001,1478,9520418,Shared room,NA,Paris,NA,Saint-Fargeau,0,0,4,1,NA,78,NA,Beautiful Zen Apartment,Apartment,2017-07-30T15:03:07Z,48.865176,2.404726,0101000020E610000028BA2EFCE03C03405DA45016BE6E4840
9376203,1478,29559258,Shared room,NA,Paris,NA,Muette,42,4.5,2,1,NA,65,NA,Belle studio dans XVIeme,Apartment,2017-07-30T15:03:07Z,48.856045,2.283039,0101000020E6100000BBF083F3A9430240C173EFE1926D4840
20011660,1478,137149757,Shared room,NA,Paris,NA,Petit-Montrouge,0,0,1,1,NA,72,NA,Appartement Porte d'Orléans,Apartment,2017-07-30T15:03:03Z,48.822925,2.323952,0101000020E610000053CA6B2574970240C8073D9B55694840
8795378,1478,7587252,Shared room,NA,Paris,NA,Gros-Caillou,57,5,1,1,NA,67,NA,Quiet apartment for a girl,Apartment,2017-07-30T15:03:03Z,48.856435,2.302527,0101000020E610000085419946936B02402B137EA99F6D4840
9213492,1478,7995955,Shared room,NA,Paris,NA,Saint-Lambert,0,0,1,1,NA,78,NA,Canapé lit sur Paris,Apartment,2017-07-30T15:03:03Z,48.842372,2.295203,0101000020E6100000DE72F563935C024076887FD8D26B4840
19320272,1478,9876819,Shared room,NA,Paris,NA,Picpus,2,0,5,1,NA,71,NA,Joli 2 pièces proche Paris et bois de Vincennes,Apartment,2017-07-30T15:03:03Z,48.829366,2.403321,0101000020E6100000F451465C003A0340093543AA286A4840
7706049,1478,40480241,Shared room,NA,Paris,NA,Bonne-Nouvelle,0,0,2,1,NA,80,NA,"Beau studio, paris centre, quartier historique",Apartment,2017-07-30T15:03:03Z,48.868782,2.35247,0101000020E6100000A79196CADBD102403FADA23F346F4840
18287704,1478,3079253,Shared room,NA,Paris,NA,Ecole-Militaire,2,0,1,1,NA,72,NA,Share my Loft in Paris Invalides,Loft,2017-07-30T15:03:03Z,48.847712,2.311115,0101000020E61000003E5C72DC297D0240A036AAD3816C4840
850937,1478,3980552,Shared room,NA,Paris,NA,Arsenal,84,5,3,1,NA,65,NA,Vintage Living room Paris Bastille,Apartment,2017-07-30T15:03:03Z,48.850261,2.364979,0101000020E610000074D0251C7AEB02403A083A5AD56C4840
12680147,1478,12427854,Shared room,NA,Paris,NA,Arsenal,59,5,2,1,NA,63,NA,Cosy beds in the center of Marais,Apartment,2017-07-30T15:03:03Z,48.855399,2.36393,0101000020E61000002844C02154E90240FB03E5B67D6D4840
5295973,1478,27428343,Shared room,NA,Paris,NA,Javel 15Art,75,4.5,2,1,NA,67,NA,Chambre chez l'habitant rive Gauche,Apartment,2017-07-30T15:03:03Z,48.845276,2.286776,0101000020E6100000B9382A37514B0240FE0B0401326C4840
14274382,1478,87047288,Shared room,NA,Paris,NA,Maison-Blanche,11,4.5,2,1,NA,67,NA,Calme sleeping,Apartment,2017-07-30T15:03:03Z,48.828996,2.353576,0101000020E6100000373465A71FD40240E5417A8A1C6A4840
