room_id,host_id,room_type,borough,neighborhood,reviews,overall_satisfaction,accommodates,bedrooms,price,minstay,latitude,longitude,last_modified
4886,6792,Entire home/apt,NA,Folie-Méricourt,2,5,2,0,137,3,48.865283,2.37115,2014-05-17T10:04:05Z
4890,6792,Entire home/apt,NA,Arts-et-Metiers,5,4.5,4,1,213,3,48.86409,2.356515,2014-05-17T10:23:15Z
5317,7749,Entire home/apt,NA,Grenelle,1,5,4,1,280,4,48.851756,2.299024,2014-05-17T23:13:52Z
5396,7903,Entire home/apt,NA,Notre-Dame,44,5,2,NA,138,7,48.852067,2.358712,2014-05-17T09:56:51Z
7396,19604,Private room,NA,Saint-Georges,115,5,2,1,90,2,48.883341,2.333936,2014-05-18T10:42:09Z
7397,2626,Entire home/apt,NA,Saint-Merri,81,5,4,2,176,3,48.857576,2.352751,2014-05-18T10:46:14Z
7964,22155,Entire home/apt,NA,Faubourg-Montmartre,1,4,4,2,184,3,48.873905,2.343179,2014-05-17T10:33:08Z
8012,6792,Entire home/apt,NA,Saint-Avoye,3,5,4,1,336,3,48.862437,2.358183,2014-05-17T14:09:43Z
8291,23964,Entire home/apt,NA,Sainte-Marguerite,6,5,6,2,215,4,48.853315,2.392978,2014-05-17T16:03:45Z
8522,25435,Entire home/apt,NA,Père-Lachaise,1,5,3,1,138,3,48.865279,2.393263,2014-05-17T14:01:48Z
9342,30055,Entire home/apt,NA,Grenelle,4,5,9,3,507,3,48.851561,2.284899,2014-05-17T18:07:42Z
10010,33995,Entire home/apt,NA,Saint-Ambroise,6,5,5,2,177,5,48.862775,2.37468,2014-05-17T10:23:42Z
10267,33995,Entire home/apt,NA,Folie-Méricourt,4,5,3,1,123,4,48.865416,2.366471,2014-05-17T10:28:07Z
10270,33995,Entire home/apt,NA,Folie-Méricourt,1,3,4,1,131,4,48.86743,2.37524,2014-05-17T10:42:55Z
10459,35203,Private room,NA,Saint-Avoye,0,NA,1,1,146,2,48.860963,2.354738,2014-05-18T10:04:19Z
10517,36640,Private room,NA,Clignancourt,0,NA,2,1,192,2,48.890551,2.344723,2014-05-17T10:00:48Z
10520,36640,Private room,NA,Clignancourt,0,NA,2,1,192,2,48.892406,2.343657,2014-05-17T10:13:29Z
10586,37107,Entire home/apt,NA,Clignancourt,33,5,4,NA,123,4,48.889019,2.346556,2014-05-17T15:09:46Z
10710,38170,Entire home/apt,NA,Europe,19,4.5,4,NA,146,3,48.879001,2.316083,2014-05-18T09:44:02Z
10712,37346,Entire home/apt,NA,Madeleine,1,NA,2,NA,245,3,48.872602,2.313224,2014-05-18T09:52:53Z
10917,39402,Entire home/apt,NA,Ternes,13,4,4,1,276,3,48.878212,2.296695,2014-05-17T20:58:07Z
10963,39761,Entire home/apt,NA,Enfants-Rouges,17,4.5,3,1,146,5,48.862041,2.363818,2014-05-18T09:30:31Z
11170,40963,Entire home/apt,NA,Saint-Victor,145,4.5,2,NA,107,2,48.846164,2.350571,2014-05-17T20:45:51Z
11214,41330,Entire home/apt,NA,Grenelle,18,4.5,2,NA,116,2,48.846533,2.291745,2014-05-18T09:09:11Z
11397,42287,Entire home/apt,NA,Maison-Blanche,0,NA,4,1,203,5,48.825058,2.349649,2014-05-17T18:39:03Z
11472,42565,Entire home/apt,NA,Necker,3,4.5,2,NA,103,3,48.844997,2.30882,2014-05-18T09:17:59Z
11798,44444,Entire home/apt,NA,Gare,14,5,3,1,177,2,48.824046,2.368279,2014-05-17T10:04:40Z
11848,44626,Entire home/apt,NA,Folie-Méricourt,83,4.5,3,NA,138,2,48.868529,2.379401,2014-05-17T13:52:39Z
11917,45208,Entire home/apt,NA,Saint-Merri,184,5,4,1,164,3,48.860933,2.352804,2014-05-17T19:13:27Z
12069,46190,Private room,NA,Combat,0,NA,2,1,115,2,48.873594,2.380115,2014-05-17T11:17:47Z
12111,35203,Entire home/apt,NA,Saint-Avoye,11,4.5,6,NA,499,2,48.862847,2.354663,2014-05-17T14:21:49Z
12112,35203,Private room,NA,Saint-Avoye,8,4.5,2,1,169,2,48.862845,2.354894,2014-05-17T14:26:30Z
12268,47196,Private room,NA,Sainte-Marguerite,1,NA,2,1,77,6,48.850901,2.386952,2014-05-18T11:15:30Z
12434,48497,Entire home/apt,NA,Faubourg-du-Roule,2,4.5,2,1,92,9,48.876613999999996,2.300335,2014-05-17T19:35:44Z
12970,50397,Entire home/apt,NA,Arts-et-Metiers,83,4.5,2,NA,84,2,48.863692,2.358541,2014-05-17T21:20:02Z
13111,50985,Entire home/apt,NA,Charonne,0,NA,2,NA,134,2,48.85114,2.406746,2014-05-17T12:40:26Z
13203,51559,Entire home/apt,NA,Notre-Dame,0,NA,8,4,1152,3,48.852525,2.358056,2014-05-17T19:40:00Z
14011,55023,Entire home/apt,NA,Saint-Georges,10,4.5,3,2,152,3,48.880202,2.339085,2014-05-17T22:28:50Z
14332,55772,Entire home/apt,NA,Hôpital-Saint-Louis,127,5,2,1,141,4,48.872661,2.366844,2014-05-18T12:18:44Z
14399,6792,Entire home/apt,NA,Roquette,0,NA,4,0,198,3,48.855755,2.375324,2014-05-17T13:16:42Z
14540,57150,Entire home/apt,NA,Mail,3,5,3,1,123,1,48.869995,2.345584,2014-05-17T23:44:27Z
14757,57954,Entire home/apt,NA,Clignancourt,35,4.5,2,NA,131,3,48.890396,2.344807,2014-05-17T20:58:46Z
14845,58357,Entire home/apt,NA,Notre-Dame,140,5,4,NA,153,3,48.850742,2.355404,2014-05-18T12:23:29Z
14897,58619,Entire home/apt,NA,Salpêtrière,31,4.5,4,1,200,3,48.838485,2.357632,2014-05-17T12:13:16Z
14903,58645,Entire home/apt,NA,Amérique,8,4.5,4,1,138,7,48.88275,2.386259,2014-05-17T12:40:31Z
15457,60531,Entire home/apt,NA,Saint-Gervais,41,4.5,2,1,120,4,48.855267,2.356645,2014-05-17T15:40:38Z
15593,61019,Entire home/apt,NA,Saint-Ambroise,55,5,4,1,133,6,48.863481,2.37846,2014-05-18T11:02:26Z
16451,64043,Entire home/apt,NA,Combat,9,5,6,3,215,3,48.878866,2.376415,2014-05-17T13:32:24Z
16455,64054,Entire home/apt,NA,Salpêtrière,0,NA,2,NA,127,1,48.836162,2.363233,2014-05-17T13:49:00Z
16456,64054,Entire home/apt,NA,Salpêtrière,7,4,4,1,123,2,48.835917,2.363311,2014-05-17T13:53:11Z
16457,64057,Entire home/apt,NA,Saint-Gervais,159,5,2,1,138,5,48.854995,2.360566,2014-05-17T13:57:20Z
16469,64075,Entire home/apt,NA,Porte-Saint-Martin,91,4.5,2,NA,107,3,48.871358,2.364742,2014-05-17T14:48:29Z
16855,2764,Private room,NA,Porte-Saint-Martin,49,4.5,1,1,61,5,48.8733,2.36025,2014-05-18T09:48:54Z
17066,66151,Private room,NA,Belleville,15,5,1,1,69,3,48.872662,2.38193,2014-05-17T21:20:15Z
17283,67010,Entire home/apt,NA,Hôpital-Saint-Louis,7,4.5,4,2,184,2,48.870331,2.371522,2014-05-17T18:30:36Z
17303,67118,Entire home/apt,NA,Porte-Saint-Martin,171,4.5,5,NA,121,1,48.871853,2.358475,2014-05-17T19:57:35Z
17347,67353,Entire home/apt,NA,Porte-Saint-Martin,10,5,4,1,169,4,48.869643,2.356771,2014-05-17T23:05:59Z
17372,55023,Private room,NA,Rochechouart,40,5,1,1,83,2,48.878657,2.340814,2014-05-18T10:09:04Z
17592,68136,Entire home/apt,NA,Porte-Saint-Martin,56,5,4,1,166,3,48.870654,2.367607,2014-05-17T22:17:04Z
17719,58653,Private room,NA,Madeleine,12,4.5,2,1,217,3,48.872664,2.313348,2014-05-17T12:40:47Z
17919,20633,Private room,NA,Saint-Georges,23,4.5,2,1,92,1,48.883266,2.332924,2014-05-18T12:32:05Z
17994,69389,Entire home/apt,NA,Halles,80,4.5,2,1,258,3,48.86093,2.342542,2014-05-17T14:02:27Z
18993,72633,Entire home/apt,NA,Clignancourt,6,4.5,2,1,115,2,48.890007,2.34584,2014-05-17T12:13:33Z
19029,72713,Entire home/apt,NA,Saint-Georges,35,4.5,2,0,138,5,48.883084,2.332827,2014-05-17T14:48:38Z
19150,71496,Entire home/apt,NA,Goutte-dOr,2,4.5,3,1,153,3,48.885646,2.359059,2014-05-18T09:09:43Z
19243,55772,Entire home/apt,NA,Archives,23,5,1,NA,123,7,48.857007,2.364703,2014-05-17T11:46:57Z
19260,73423,Entire home/apt,NA,St-Germain-lAuxerrois,47,4.5,4,1,207,2,48.857637,2.345552,2014-05-17T13:03:46Z
19306,73530,Entire home/apt,NA,Salpêtrière,70,5,4,1,150,2,48.837472,2.354661,2014-05-17T16:36:08Z
19666,74520,Entire home/apt,NA,Val-de-Grace,0,NA,1,1,92,14,48.843138,2.341815,2014-05-18T09:27:08Z
20176,76355,Entire home/apt,NA,Invalides,133,5,4,1,207,3,48.858502,2.314235,2014-05-18T09:18:42Z
20384,76355,Entire home/apt,NA,St-Germain-lAuxerrois,131,4.5,4,0,184,2,48.858282,2.341969,2014-05-17T20:37:18Z
20823,73530,Entire home/apt,NA,Jardin-des-Plantes,61,5,6,1,146,2,48.839006,2.354611,2014-05-17T14:57:28Z
21004,79843,Entire home/apt,NA,Bel-Air,51,4.5,5,2,284,2,48.840001,2.400672,2014-05-17T09:23:49Z
21194,73530,Entire home/apt,NA,Jardin-des-Plantes,50,4.5,4,NA,150,2,48.838061,2.354173,2014-05-17T23:35:12Z
21264,81070,Entire home/apt,NA,Sainte-Marguerite,14,5,5,3,131,5,48.851399,2.391894,2014-05-17T09:41:06Z
21282,81178,Entire home/apt,NA,Goutte-dOr,18,4.5,4,2,106,2,48.886906,2.354826,2014-05-17T11:03:17Z
21314,81352,Entire home/apt,NA,Porte-Saint-Denis,99,5,2,1,106,5,48.872752,2.352513,2014-05-17T13:29:19Z
21388,81728,Entire home/apt,NA,Porte-Saint-Denis,2,3,6,2,230,3,48.87425,2.356304,2014-05-17T19:09:22Z
21419,81840,Entire home/apt,NA,Bonne-Nouvelle,31,4.5,3,1,123,5,48.86631,2.350327,2014-05-17T21:23:58Z
21421,81848,Entire home/apt,NA,Grandes-Carrières,191,5,4,1,131,1,48.887995,2.335802,2014-05-17T21:32:17Z
21567,82394,Entire home/apt,NA,St-Germain-lAuxerrois,32,4.5,4,1,224,1,48.85959,2.332705,2014-05-17T13:17:14Z
21860,165470,Entire home/apt,NA,Bonne-Nouvelle,90,4.5,2,1,100,4,48.864872,2.349333,2014-05-17T16:09:18Z
21977,84134,Entire home/apt,NA,Père-Lachaise,1,4.5,3,1,127,5,48.858259,2.391717,2014-05-18T09:57:45Z
22034,84377,Entire home/apt,NA,Val-de-Grace,37,4.5,3,NA,88,10,48.843843,2.347105,2014-05-17T09:49:19Z
22046,84413,Entire home/apt,NA,Saint-Thomas-dAquin,2,5,4,3,614,4,48.856393,2.323923,2014-05-17T10:43:52Z
22158,84874,Private room,NA,Madeleine,19,5,2,1,169,1,48.870996,2.322983,2014-05-17T19:18:39Z
22321,59987,Entire home/apt,NA,Halles,166,4.5,4,1,192,2,48.858788,2.3483,2014-05-17T12:13:49Z
22363,85818,Entire home/apt,NA,Saint-Ambroise,23,4.5,2,1,144,3,48.862691,2.373445,2014-05-17T15:14:22Z
22382,85955,Entire home/apt,NA,Saint-Avoye,56,5,2,1,115,3,48.86296,2.355781,2014-05-17T16:53:05Z
22384,85970,Entire home/apt,NA,Notre-Dame,120,4.5,2,NA,134,2,48.851174,2.356786,2014-05-17T17:02:12Z
22528,86702,Entire home/apt,NA,Belleville,0,NA,4,2,153,3,48.874056,2.394918,2014-05-16T22:55:22Z
22932,88729,Private room,NA,Petit-Montrouge,10,4.5,2,1,69,1,48.821297,2.324106,2014-05-17T19:45:09Z
22979,89023,Private room,NA,Notre-Dame,126,5,2,1,92,3,48.853652,2.350741,2014-05-17T23:06:24Z
23107,89808,Entire home/apt,NA,Sainte-Marguerite,13,5,5,3,184,6,48.852378,2.387027,2014-05-17T13:32:42Z
23198,90446,Entire home/apt,NA,Muette,4,5,4,1,330,4,48.864034,2.273983,2014-05-17T20:28:30Z
23441,91706,Entire home/apt,NA,Grandes-Carrières,34,5,2,NA,107,2,48.884506,2.33439,2014-05-17T19:32:19Z
23568,73423,Entire home/apt,NA,Saint-Ambroise,57,4.5,4,1,150,2,48.861018,2.377506,2014-05-17T09:41:15Z
23655,93492,Entire home/apt,NA,Odeon,85,4.5,4,NA,184,2,48.851871,2.336841,2014-05-17T16:23:07Z
23742,94254,Entire home/apt,NA,Saint-Fargeau,0,NA,5,2,123,15,48.867995,2.406462,2014-05-17T22:42:11Z
23745,94285,Entire home/apt,NA,Villette,4,4,3,1,86,4,48.889028,2.382192,2014-05-17T22:56:15Z
