tree_dbh,spc_latin,latitude,longitude
19,Quercus palustris,40.61413136,-74.16527341
8,Pyrus calleryana,40.62658291,-74.13761906
18,Platanus x acerifolia,40.64304296,-73.97695175
25,Platanus x acerifolia,40.61423345,-73.94559591
18,Platanus x acerifolia,40.68373029,-73.98501492
23,Platanus x acerifolia,40.75594035,-73.76502429
9,Pyrus calleryana,40.80092413,-73.94228553
9,Quercus palustris,40.7091359,-73.90589449
4,Pyrus calleryana,40.76711313,-73.96633679
2,Platanus x acerifolia,40.72316643,-73.82057015
6,Pyrus calleryana,40.7782382,-73.84425812
31,Platanus x acerifolia,40.68174904,-73.89413164
7,Pyrus calleryana,40.75759942,-73.76470753
12,Pyrus calleryana,40.79074405,-73.80523308
11,Pyrus calleryana,40.81833567,-73.89063806
4,Pyrus calleryana,40.81494651,-73.95282504
20,Platanus x acerifolia,40.68089596,-73.79611142
19,Acer platanoides,40.76515645,-73.73229982
4,Pyrus calleryana,40.70081461,-73.93722546
4,Platanus x acerifolia,40.81563788,-73.91204931
29,Platanus x acerifolia,40.73198307,-73.75524324
13,Platanus x acerifolia,40.62638135,-74.01783913
9,Pyrus calleryana,40.82074357,-73.94534026
21,Acer platanoides,40.7276083,-73.82353629
10,Pyrus calleryana,40.53480653,-74.17854644
6,Pyrus calleryana,40.77014103,-73.98714169
8,Pyrus calleryana,40.7463121,-73.99415946
17,Acer platanoides,40.63208495,-73.9447268
31,Platanus x acerifolia,40.60809396,-73.97077539
17,Platanus x acerifolia,40.57087995,-73.86284022
24,Platanus x acerifolia,40.81183192,-73.94517555
20,Platanus x acerifolia,40.71190865,-73.94923651
15,Acer platanoides,40.70103069,-73.90838492
14,Pyrus calleryana,40.53911385,-74.18180144
23,Quercus palustris,40.88305563,-73.89429807
22,Platanus x acerifolia,40.6441197,-73.92190208
17,Platanus x acerifolia,40.69426107,-73.84742033
22,Platanus x acerifolia,40.72624953,-73.81265895
21,Platanus x acerifolia,40.60838668,-74.00433797
19,Quercus palustris,40.59626296,-74.0802687
18,Platanus x acerifolia,40.76105614,-73.81624331
31,Quercus palustris,40.61908882,-74.11834854
26,Platanus x acerifolia,40.6428265,-73.98456047
14,Platanus x acerifolia,40.77769733,-73.90799125
18,Platanus x acerifolia,40.62020397,-73.95548805
19,Acer platanoides,40.67898143,-73.81989545
13,Acer platanoides,40.74466309,-73.70275004
21,Quercus palustris,40.76325291,-73.82555208
6,Pyrus calleryana,40.68095558,-73.88418606
23,Quercus palustris,40.68753344,-73.97214468
4,Pyrus calleryana,40.81183576,-73.94324559
4,Quercus palustris,40.77655287,-73.94445636
21,Quercus palustris,40.77645136,-73.74604799
22,Platanus x acerifolia,40.69993899,-73.81378619
24,Platanus x acerifolia,40.61330553,-74.15865573
43,Platanus x acerifolia,40.76039051,-73.89491258
24,Quercus palustris,40.61890589,-73.9326219
13,Pyrus calleryana,40.67613624,-73.93547122
14,Acer platanoides,40.7631152,-73.7227204
43,Platanus x acerifolia,40.62935678,-74.03167343
15,Platanus x acerifolia,40.707224,-73.91870536
8,Acer platanoides,40.63789416,-73.89635723
32,Platanus x acerifolia,40.62618283,-74.10100105
19,Pyrus calleryana,40.58569735,-74.16000112
34,Platanus x acerifolia,40.79012215,-73.82379225
3,Quercus palustris,40.61900444,-74.17014171
14,Pyrus calleryana,40.7250246,-73.74131124
26,Platanus x acerifolia,40.63450731,-74.01545835
24,Quercus palustris,40.66913646,-73.7585209
4,Pyrus calleryana,40.53895467,-74.19044727
7,Pyrus calleryana,40.66131457,-73.83731029
6,Quercus palustris,40.59675332,-74.0680375
1,Quercus palustris,40.68274182,-73.91722658
22,Quercus palustris,40.63300663,-73.92418205
10,Quercus palustris,40.73817425,-73.92355028
16,Quercus palustris,40.62331884,-74.12258358
7,Pyrus calleryana,40.53597028,-74.19395826
5,Quercus palustris,40.70060625,-73.9368511
24,Platanus x acerifolia,40.59183204,-73.95111931
14,Platanus x acerifolia,40.64739418,-74.00667324
6,Pyrus calleryana,40.8594337,-73.89797017
8,Platanus x acerifolia,40.64856334,-73.97487206
11,Quercus palustris,40.80990664,-73.94060388
24,Platanus x acerifolia,40.60719984,-74.01040363
25,Platanus x acerifolia,40.76994814,-73.78134952
4,Pyrus calleryana,40.67470352,-73.87324636
17,Platanus x acerifolia,40.60305806,-73.76832094
16,Platanus x acerifolia,40.67897463,-73.9942327
7,Pyrus calleryana,40.53506145,-74.20764445
4,Platanus x acerifolia,40.81364576,-73.90491814
9,Pyrus calleryana,40.59833132,-74.07767285
14,Pyrus calleryana,40.60208445,-74.00931708
4,Pyrus calleryana,40.74937069,-73.88839417
18,Platanus x acerifolia,40.59601031,-73.98688711
17,Acer platanoides,40.60091154,-74.00321285
22,Platanus x acerifolia,40.64574141,-73.97438337
34,Platanus x acerifolia,40.67020482,-73.81866184
20,Acer platanoides,40.75976218,-73.72591959
15,Platanus x acerifolia,40.662632,-73.9629903
21,Platanus x acerifolia,40.72271955,-73.93682688
31,Quercus palustris,40.69306378,-73.80681147
9,Pyrus calleryana,40.54461362,-74.21011144
14,Platanus x acerifolia,40.71523425,-73.95414659
12,Platanus x acerifolia,40.69938292,-73.77819916
9,Pyrus calleryana,40.76074036,-74.00003761
32,Platanus x acerifolia,40.57231769,-74.11614644
32,Quercus palustris,40.73241104,-73.81759452
24,Platanus x acerifolia,40.85891042,-73.83913516
30,Platanus x acerifolia,40.5924251,-73.9480205
20,Platanus x acerifolia,40.65050106,-73.979765509999993
8,Pyrus calleryana,40.76139245,-73.90605237
31,Platanus x acerifolia,40.73902685,-73.72263722
10,Pyrus calleryana,40.71666223,-73.95483558
11,Pyrus calleryana,40.77357859,-73.96423835
3,Acer platanoides,40.69372947,-73.99273305
19,Acer platanoides,40.69850444,-73.73020031
26,Platanus x acerifolia,40.72604337,-73.81370361
7,Pyrus calleryana,40.74100729,-74.00575655
5,Quercus palustris,40.67756999,-73.91994352
10,Acer platanoides,40.50290741,-74.23910301
7,Pyrus calleryana,40.52113848,-74.21512609
23,Platanus x acerifolia,40.59749495,-73.94944802
3,Pyrus calleryana,40.79908138,-73.93853385
21,Platanus x acerifolia,40.59950923,-73.9682032
2,Quercus palustris,40.75775142,-73.88677993
29,Platanus x acerifolia,40.61857757,-74.12404546
5,Quercus palustris,40.61690935,-73.94827685
3,Platanus x acerifolia,40.8590236,-73.8949337
26,Platanus x acerifolia,40.59552637,-74.10868956
18,Quercus palustris,40.72198611,-73.8398555
6,Acer platanoides,40.54264123,-74.14324892
5,Platanus x acerifolia,40.70598882,-73.80085083
19,Quercus palustris,40.75096548,-73.77622976
4,Pyrus calleryana,40.53102325,-74.19896927
6,Pyrus calleryana,40.6768808,-73.83657911
11,Acer platanoides,40.5314978,-74.18927572
19,Platanus x acerifolia,40.68165475,-73.80284354
31,Platanus x acerifolia,40.70224722,-73.75743526
18,Platanus x acerifolia,40.67785529,-73.97639044
4,Platanus x acerifolia,40.8285902,-73.86861765
16,Quercus palustris,40.63834068,-73.94814822
23,Quercus palustris,40.87589876,-73.89997922
18,Pyrus calleryana,40.57991325,-73.84233975
24,Quercus palustris,40.59969493,-73.75945034
19,Pyrus calleryana,40.74959141,-73.78371106
7,Pyrus calleryana,40.53851262,-74.16940903
16,Platanus x acerifolia,40.61138668,-73.91051176
21,Platanus x acerifolia,40.68238567,-73.99158831
30,Platanus x acerifolia,40.59045046,-73.97650256
25,Platanus x acerifolia,40.72182407,-73.87228971
30,Quercus palustris,40.77519148,-73.78322361
4,Pyrus calleryana,40.53104536,-74.1989837
12,Acer platanoides,40.73956348,-73.72656329
32,Platanus x acerifolia,40.68098389,-73.86945813
8,Pyrus calleryana,40.62112943,-74.14182123
25,Platanus x acerifolia,40.6293604,-74.03257511
25,Platanus x acerifolia,40.62513493,-73.92262906
18,Pyrus calleryana,40.72069788,-74.0088874
36,Platanus x acerifolia,40.64323137,-74.00259319
21,Platanus x acerifolia,40.60622937,-73.76251646
22,Platanus x acerifolia,40.78293932,-73.79967088
4,Acer platanoides,40.55065199,-74.21785241
8,Pyrus calleryana,40.54360431,-74.17464592
18,Quercus palustris,40.7461627,-73.89890215
11,Pyrus calleryana,40.82137997,-73.82621194
6,Pyrus calleryana,40.546168,-74.18508528
52,Platanus x acerifolia,40.63719737,-73.95009423
16,Quercus palustris,40.64160206,-73.92728382
3,Quercus palustris,40.70731798,-73.94392906
11,Pyrus calleryana,40.63108927,-74.15225977
26,Platanus x acerifolia,40.73220535,-73.75078895
4,Pyrus calleryana,40.51741462,-74.19337716
15,Acer platanoides,40.6166549,-74.12406605
22,Platanus x acerifolia,40.72190336,-73.88767063
28,Platanus x acerifolia,40.64599543,-73.90870444
9,Pyrus calleryana,40.62871495,-73.91780242
19,Platanus x acerifolia,40.78284683,-73.77377572
32,Platanus x acerifolia,40.74338045,-73.8645506
6,Pyrus calleryana,40.76045193,-73.94144144
18,Platanus x acerifolia,40.74868421,-73.89548293
9,Pyrus calleryana,40.53808996,-74.16296641
29,Platanus x acerifolia,40.60864352,-73.93499648
6,Quercus palustris,40.81181717,-73.9171764
11,Platanus x acerifolia,40.65914252,-73.95541356
6,Platanus x acerifolia,40.58028692,-73.94499236
22,Platanus x acerifolia,40.681719,-73.86339869
12,Pyrus calleryana,40.61472934,-73.98423498
10,Pyrus calleryana,40.50730399,-74.24256803
8,Pyrus calleryana,40.6012716,-74.07812149
25,Platanus x acerifolia,40.68520179,-73.93932597
24,Platanus x acerifolia,40.62922707,-74.00842639
18,Platanus x acerifolia,40.86941047,-73.82465275
10,Pyrus calleryana,40.64333132,-73.98050783
26,Platanus x acerifolia,40.63603231,-73.88826139
11,Quercus palustris,40.65463272,-73.94362225
11,Pyrus calleryana,40.51625144,-74.21199548
11,Platanus x acerifolia,40.55393144,-74.19287596
25,Platanus x acerifolia,40.74615631,-73.79061362
24,Quercus palustris,40.69046019,-73.79619458
3,Quercus palustris,40.77612321,-73.82431138
12,Platanus x acerifolia,40.85538865,-73.88662843
2,Platanus x acerifolia,40.60289495,-74.12830586
16,Quercus palustris,40.86201412,-73.90544677
17,Quercus palustris,40.64184965,-73.99125315
11,Acer platanoides,40.73194592,-73.80858797
10,Pyrus calleryana,40.90471827,-73.8981457
11,Acer platanoides,40.71644879,-73.85701642
20,Acer platanoides,40.75554557,-73.7843022
23,Platanus x acerifolia,40.61110067,-74.0241018
20,Platanus x acerifolia,40.55332195,-74.15806084
25,Platanus x acerifolia,40.69356075,-73.73694473
17,Platanus x acerifolia,40.62575329,-73.82692264
23,Platanus x acerifolia,40.57479869,-74.1084493
27,Platanus x acerifolia,40.69200014,-73.73968454
25,Quercus palustris,40.76790082,-73.90223767
23,Platanus x acerifolia,40.78264804,-73.82246231
26,Platanus x acerifolia,40.74927714,-73.91628659
18,Acer platanoides,40.73903313,-73.86488652
4,Quercus palustris,40.87216518,-73.83345828
30,Platanus x acerifolia,40.82761598,-73.8155274
7,Pyrus calleryana,40.65571352,-73.83937356
12,Acer platanoides,40.73855988,-73.70884292
5,Pyrus calleryana,40.72395526,-73.73035148
18,Platanus x acerifolia,40.61293187,-73.92421825
18,Quercus palustris,40.90255839,-73.84828284
25,Platanus x acerifolia,40.74067041,-73.82165122
17,Platanus x acerifolia,40.775499,-73.75227645
12,Pyrus calleryana,40.72385599,-73.88185656
39,Platanus x acerifolia,40.60312799,-73.94537727
8,Pyrus calleryana,40.53828198,-74.18340459
40,Quercus palustris,40.75925086,-73.78443202
32,Platanus x acerifolia,40.73538976,-73.77497914
15,Pyrus calleryana,40.53558078,-74.19705124
8,Acer platanoides,40.74125034,-73.85175798
2,Quercus palustris,40.79910591,-73.95230819
22,Quercus palustris,40.76987322,-73.73629429
13,Pyrus calleryana,40.51458009,-74.2062694
3,Quercus palustris,40.73465937,-74.00961042
16,Acer platanoides,40.90482753,-73.89953165
33,Quercus palustris,40.64298111,-73.9667147
12,Pyrus calleryana,40.81096544,-73.9411707
42,Platanus x acerifolia,40.75869999,-73.80980162
3,Pyrus calleryana,40.78078034,-73.77305402
16,Platanus x acerifolia,40.73388618,-73.97747412
33,Platanus x acerifolia,40.68826623,-73.82525592
14,Platanus x acerifolia,40.80457513,-73.96641785
18,Platanus x acerifolia,40.89691596,-73.84051131
23,Quercus palustris,40.73137821,-73.7599398
9,Acer platanoides,40.74247993,-73.8512187
26,Platanus x acerifolia,40.64529772,-73.9440926
32,Platanus x acerifolia,40.72466934,-73.94238732
17,Quercus palustris,40.54597255,-74.19864363
8,Platanus x acerifolia,40.60767567,-73.98407496
12,Pyrus calleryana,40.59155887,-74.10920245
29,Platanus x acerifolia,40.73706282,-73.92092563
16,Acer platanoides,40.74323843,-73.76157697
18,Platanus x acerifolia,40.76554832,-73.93712019
19,Quercus palustris,40.86783675,-73.86124803
12,Pyrus calleryana,40.51549026,-74.23775109
34,Quercus palustris,40.73338998,-73.84564649
37,Quercus palustris,40.68313616,-73.79773976
3,Platanus x acerifolia,40.63812853,-73.89312209
4,Pyrus calleryana,40.5895945,-73.81529253
21,Platanus x acerifolia,40.61825155,-74.15985281
6,Pyrus calleryana,40.62691183,-74.15299861
8,Acer platanoides,40.52489671,-74.22083178
20,Platanus x acerifolia,40.69500289,-73.99249612
5,Pyrus calleryana,40.78532745,-73.82076555
13,Platanus x acerifolia,40.75110013,-73.75719952
4,Pyrus calleryana,40.73894888,-73.92655796
13,Quercus palustris,40.75554106,-73.83100172
23,Acer platanoides,40.75154951,-73.71472258
12,Quercus palustris,40.55359344,-74.20241307
33,Platanus x acerifolia,40.71153037,-73.81447659
25,Platanus x acerifolia,40.68495462,-73.8810424
32,Platanus x acerifolia,40.7175273,-73.85407363
15,Acer platanoides,40.74404474,-73.70380844
15,Pyrus calleryana,40.60802236,-73.92211901
21,Acer platanoides,40.77515239,-73.75386943
22,Acer platanoides,40.8495236,-73.788017
15,Quercus palustris,40.74621839,-74.00288856
25,Acer platanoides,40.76081094,-73.89586139
38,Platanus x acerifolia,40.70892955,-73.84741521
16,Acer platanoides,40.66909069,-73.91343517
30,Platanus x acerifolia,40.64513722,-74.10717881
4,Platanus x acerifolia,40.72513037,-74.00654741
19,Platanus x acerifolia,40.62994465,-73.98361171
17,Acer platanoides,40.69223475,-73.74344693
19,Platanus x acerifolia,40.60673253,-73.91560434
15,Acer platanoides,40.72267809,-73.74451576
27,Platanus x acerifolia,40.57050482,-74.13892546
18,Platanus x acerifolia,40.68212117,-73.99609149
8,Pyrus calleryana,40.78695318,-73.97169366
24,Acer platanoides,40.66785554,-73.73607914
8,Pyrus calleryana,40.51017171,-74.24957547
16,Platanus x acerifolia,40.82360119,-73.84573912
9,Pyrus calleryana,40.57571365,-73.98250122
23,Platanus x acerifolia,40.60727627,-73.91044754
12,Pyrus calleryana,40.56341279,-74.13930841
20,Platanus x acerifolia,40.59539083,-73.9332715
7,Platanus x acerifolia,40.71887022,-73.95884202
14,Acer platanoides,40.74916514,-73.76353349
35,Platanus x acerifolia,40.77285748,-73.80477203
8,Pyrus calleryana,40.72899112,-74.00097294
18,Platanus x acerifolia,40.77980794,-73.83964878
36,Quercus palustris,40.70573825,-73.79615962
22,Quercus palustris,40.81916128,-73.89500702
28,Acer platanoides,40.60061802,-73.97732671
23,Quercus palustris,40.73510677,-73.80669219
4,Pyrus calleryana,40.74363713,-73.79262999
21,Platanus x acerifolia,40.7699502,-73.82702397
16,Acer platanoides,40.667303510000004,-73.97555371
15,Platanus x acerifolia,40.73407547,-73.71800341
16,Acer platanoides,40.67948529,-73.8891784
11,Acer platanoides,40.69153943,-73.8325279
10,Pyrus calleryana,40.73570488,-73.71958461
33,Platanus x acerifolia,40.63932145,-74.10942601
1,Quercus palustris,40.7640891,-73.98442661
13,Pyrus calleryana,40.77045889,-73.89260588
3,Quercus palustris,40.82554941,-73.9411304
26,Platanus x acerifolia,40.70087544,-73.8188214
25,Quercus palustris,40.78988287,-73.80890956
12,Platanus x acerifolia,40.87594363,-73.83253141
21,Platanus x acerifolia,40.82239919,-73.81801398
6,Pyrus calleryana,40.60607726,-74.13892409
24,Acer platanoides,40.73446594,-73.79671148
2,Platanus x acerifolia,40.66633636,-73.89348619
7,Pyrus calleryana,40.62981177,-74.12257351
11,Pyrus calleryana,40.54349851,-74.17328038
31,Platanus x acerifolia,40.63118274,-74.00076142
11,Platanus x acerifolia,40.63909678,-74.01256347
3,Platanus x acerifolia,40.75459545,-73.72123374
17,Acer platanoides,40.69996848,-73.90065229
18,Platanus x acerifolia,40.57661024,-73.94697801
4,Pyrus calleryana,40.75195097,-73.85930378
4,Platanus x acerifolia,40.72556437,-73.80602231
12,Pyrus calleryana,40.67864034,-74.01074498
3,Pyrus calleryana,40.70549261,-73.90621048
17,Platanus x acerifolia,40.83767112,-73.87153502
22,Platanus x acerifolia,40.62436367,-73.91505606
24,Platanus x acerifolia,40.64633661,-73.89832042
8,Platanus x acerifolia,40.82120607,-73.95550418
17,Platanus x acerifolia,40.57711502,-74.10619928
11,Platanus x acerifolia,40.89683511,-73.85418678
20,Platanus x acerifolia,40.78791097,-73.78390625
5,Acer platanoides,40.54060731,-74.16527392
4,Pyrus calleryana,40.8234029,-73.93913784
11,Pyrus calleryana,40.77874259,-73.79962091
6,Acer platanoides,40.57761306,-73.98285965
8,Quercus palustris,40.6823654,-73.9636475
3,Quercus palustris,40.63468569,-73.96493968
30,Quercus palustris,40.73412242,-73.8083955
14,Quercus palustris,40.79669778,-73.93093581
24,Platanus x acerifolia,40.72492965,-73.81586768
16,Platanus x acerifolia,40.7175642,-73.94125998
24,Platanus x acerifolia,40.7627749,-73.77969777
17,Platanus x acerifolia,40.67558006,-73.9764244
14,Pyrus calleryana,40.84398589,-73.88334402
12,Platanus x acerifolia,40.67052279,-73.86981269
22,Platanus x acerifolia,40.72135582,-73.81623529
6,Pyrus calleryana,40.70303968,-73.9322652
8,Acer platanoides,40.75288533,-73.88766258
10,Acer platanoides,40.77506792,-73.89956337
8,Acer platanoides,40.69312545,-73.91372596
6,Pyrus calleryana,40.55556826,-74.17464223
28,Quercus palustris,40.7828755,-73.81559528
7,Quercus palustris,40.81466596,-73.90619425
20,Pyrus calleryana,40.65906906,-73.90794588
22,Platanus x acerifolia,40.61431246,-74.02279017
25,Platanus x acerifolia,40.59984206,-73.96749574
18,Platanus x acerifolia,40.65859136,-73.87980335
24,Platanus x acerifolia,40.61650161,-73.94146277
22,Acer platanoides,40.63846318,-73.90646361
34,Quercus palustris,40.70314527,-73.75517645
15,Acer platanoides,40.71328965,-73.90021804
8,Pyrus calleryana,40.77481891,-73.98851468
2,Quercus palustris,40.73427193,-73.86629315
13,Quercus palustris,40.62373278,-73.95615141
25,Platanus x acerifolia,40.63671236,-74.02080704
11,Acer platanoides,40.66734939,-73.95498784
14,Platanus x acerifolia,40.59289565,-74.15808453
11,Pyrus calleryana,40.53703434,-74.18538378
35,Platanus x acerifolia,40.5996506,-73.97041595
17,Platanus x acerifolia,40.67753847,-73.97345353
4,Pyrus calleryana,40.51913386,-74.19622154
9,Pyrus calleryana,40.64595763,-74.02221281
19,Platanus x acerifolia,40.74792602,-73.85369794
8,Quercus palustris,40.71245608,-73.8813262
10,Pyrus calleryana,40.70236827,-73.81909645
15,Quercus palustris,40.59502155,-73.93417183
27,Platanus x acerifolia,40.79465005,-73.82347176
23,Platanus x acerifolia,40.64454096,-73.89909366
17,Pyrus calleryana,40.66573366,-73.99154243
14,Quercus palustris,40.69351153,-73.92254623
16,Quercus palustris,40.81576847,-73.88675868
24,Platanus x acerifolia,40.745084,-73.79360129
6,Pyrus calleryana,40.70715411,-73.90553901
4,Pyrus calleryana,40.52506873,-74.23551709
21,Acer platanoides,40.63466402,-73.88903227
10,Pyrus calleryana,40.53946982,-74.17302338
5,Acer platanoides,40.71992548,-73.82364603
4,Quercus palustris,40.8187006,-73.91268263
11,Pyrus calleryana,40.76612491,-73.79665474
14,Quercus palustris,40.74172885,-73.91699437
10,Platanus x acerifolia,40.80151491,-73.95025565
25,Platanus x acerifolia,40.6131553,-73.9461955
6,Pyrus calleryana,40.79196896,-73.96764853
25,Platanus x acerifolia,40.56735982,-74.11590561
10,Acer platanoides,40.66962284,-73.82009273
16,Platanus x acerifolia,40.78263299,-73.77416114
22,Platanus x acerifolia,40.62674668,-74.01885622
31,Platanus x acerifolia,40.70411291,-73.9592062
28,Platanus x acerifolia,40.62887941,-73.93095682
31,Platanus x acerifolia,40.76940245,-73.89441894
21,Platanus x acerifolia,40.67001102,-73.77463049
17,Platanus x acerifolia,40.53709798,-74.16138011
5,Platanus x acerifolia,40.83176665,-73.92147561
19,Quercus palustris,40.67435749,-73.95205941
8,Pyrus calleryana,40.7945823,-73.81045584
10,Platanus x acerifolia,40.84099433,-73.86866182
18,Quercus palustris,40.50526863,-74.25032768
21,Quercus palustris,40.73419584,-73.84777463
4,Acer platanoides,40.89923035,-73.87077186
40,Quercus palustris,40.64248464,-73.96649588
29,Platanus x acerifolia,40.59221107,-74.07558148
25,Quercus palustris,40.7383635,-73.82479227
13,Acer platanoides,40.72347265,-73.86210962
11,Pyrus calleryana,40.72757912,-74.00717478
32,Quercus palustris,40.76831016,-73.89804736
25,Platanus x acerifolia,40.61313913,-74.15983193
8,Pyrus calleryana,40.50895777,-74.22821259
7,Pyrus calleryana,40.67877362,-74.01801995
23,Platanus x acerifolia,40.85326906,-73.82813454
7,Pyrus calleryana,40.61382486,-73.99951988
34,Platanus x acerifolia,40.63098398,-74.02886851
26,Quercus palustris,40.75756937,-73.7540734
10,Platanus x acerifolia,40.64290385,-74.00053898
29,Platanus x acerifolia,40.64585878,-73.95255941
12,Pyrus calleryana,40.80593053,-73.94478426
14,Acer platanoides,40.70505868,-73.89117772
13,Pyrus calleryana,40.67171715,-73.88283085
38,Platanus x acerifolia,40.67157951,-73.83897798
12,Platanus x acerifolia,40.6382408,-73.99885898
11,Pyrus calleryana,40.54423847,-74.19616506
18,Platanus x acerifolia,40.72635328,-73.97284551
5,Quercus palustris,40.80947491,-73.95313604
9,Pyrus calleryana,40.77005326,-73.9885716
23,Quercus palustris,40.73618818,-73.81066455
9,Pyrus calleryana,40.80659413,-73.94203053
22,Platanus x acerifolia,40.55777384,-74.12795086
32,Platanus x acerifolia,40.74347441,-73.83270242
17,Acer platanoides,40.6890562,-73.73292305
21,Acer platanoides,40.68984748,-73.74823584
27,Platanus x acerifolia,40.63367202,-73.92367595
26,Platanus x acerifolia,40.67324353,-73.73009181
24,Quercus palustris,40.73676006,-73.77138954
13,Acer platanoides,40.72320559,-73.90830867
21,Quercus palustris,40.85083474,-73.85192247
22,Quercus palustris,40.70194202,-73.76489547
3,Pyrus calleryana,40.59310837,-74.06741435
10,Pyrus calleryana,40.73688626,-73.98048068
3,Quercus palustris,40.54633552,-74.22274447
11,Quercus palustris,40.64374103,-73.89914069
31,Platanus x acerifolia,40.70559913,-73.74091767
2,Pyrus calleryana,40.65505126,-73.92789205
24,Platanus x acerifolia,40.68121431,-73.94233075
11,Quercus palustris,40.63710774,-73.98982993
8,Pyrus calleryana,40.72788902,-73.90638
18,Pyrus calleryana,40.70028068,-73.81101022
10,Platanus x acerifolia,40.65697015,-73.98174327
21,Platanus x acerifolia,40.73630751,-73.7874965
14,Pyrus calleryana,40.76132247,-73.99338043
35,Quercus palustris,40.73436314,-73.89940217
26,Platanus x acerifolia,40.62965642,-73.89788923
4,Platanus x acerifolia,40.8370861,-73.94613882
26,Quercus palustris,40.68243936,-73.99858106
37,Platanus x acerifolia,40.6296035,-74.11865815
10,Pyrus calleryana,40.55701033,-74.20819673
11,Pyrus calleryana,40.61663011,-74.02260767
7,Pyrus calleryana,40.54461101,-74.20015893
8,Pyrus calleryana,40.81887605,-73.94466934
9,Pyrus calleryana,40.76110926,-73.77165095
13,Acer platanoides,40.51608661,-74.19371004
15,Pyrus calleryana,40.68466443,-73.80102659
11,Pyrus calleryana,40.83294601,-73.84929461
9,Pyrus calleryana,40.61473816,-73.91947538
11,Pyrus calleryana,40.59098521,-73.94022104
8,Pyrus calleryana,40.50298551,-74.2456786
19,Acer platanoides,40.74183082,-73.82665722
4,Quercus palustris,40.5942131,-74.16230883
22,Quercus palustris,40.7494388,-73.88526459
14,Acer platanoides,40.68799883,-73.90938513
18,Quercus palustris,40.73758114,-73.81491243
19,Platanus x acerifolia,40.62904661,-74.16365826
5,Quercus palustris,40.61631071,-73.94584957
36,Quercus palustris,40.78408733,-73.8139887
34,Platanus x acerifolia,40.61911418,-73.96219606
21,Platanus x acerifolia,40.76518999,-73.96539843
29,Quercus palustris,40.74852651,-73.75171595
40,Platanus x acerifolia,40.76868764,-73.78115505
8,Pyrus calleryana,40.54617383,-74.19673406
8,Pyrus calleryana,40.7783087,-73.987418
18,Pyrus calleryana,40.62704627,-73.9893824
21,Pyrus calleryana,40.74069283,-73.71535066
29,Platanus x acerifolia,40.74250204,-73.72541277
15,Quercus palustris,40.77487595,-73.80307199
40,Platanus x acerifolia,40.68319755,-73.8613518
37,Quercus palustris,40.73223,-73.82127076
24,Platanus x acerifolia,40.60027744,-73.76251861
20,Quercus palustris,40.83131468,-73.9259895
34,Platanus x acerifolia,40.78169666,-73.80975444
19,Platanus x acerifolia,40.59786877,-73.93057836
25,Acer platanoides,40.745009,-73.75926574
7,Pyrus calleryana,40.70920037,-73.85470169
4,Quercus palustris,40.56484117,-74.12888077
26,Platanus x acerifolia,40.59689863,-73.9345279
25,Quercus palustris,40.78953233,-73.80876329
23,Platanus x acerifolia,40.84827781,-73.84759304
25,Platanus x acerifolia,40.73383871,-73.8223611
22,Platanus x acerifolia,40.57964723,-73.94012712
21,Quercus palustris,40.72739029,-73.85037024
2,Quercus palustris,40.62208479,-74.12682089
10,Pyrus calleryana,40.52123973,-74.21390626
18,Platanus x acerifolia,40.71818663,-73.80111583
24,Platanus x acerifolia,40.85328251,-73.91734622
11,Quercus palustris,40.85366733,-73.93560338
23,Platanus x acerifolia,40.82933654,-73.81811638
18,Platanus x acerifolia,40.83091195,-73.88747234
22,Quercus palustris,40.86636095,-73.93233007
27,Platanus x acerifolia,40.70319325,-73.88522954
23,Platanus x acerifolia,40.64518938,-74.10531039
36,Platanus x acerifolia,40.72110205,-73.74268458
20,Platanus x acerifolia,40.84000831,-73.88994774
4,Quercus palustris,40.80680126,-73.93902571
12,Quercus palustris,40.63341026,-74.09043544
5,Quercus palustris,40.51989825,-74.21156547
19,Acer platanoides,40.76844548,-73.77562644
18,Acer platanoides,40.77843255,-73.79691689
23,Platanus x acerifolia,40.62675865,-73.95788654
10,Acer platanoides,40.67422314,-73.79095409
19,Acer platanoides,40.90405482,-73.84162671
6,Pyrus calleryana,40.51587229,-74.20415859
10,Acer platanoides,40.54964079,-74.16361787
15,Pyrus calleryana,40.68731553,-73.84948021
21,Pyrus calleryana,40.69361916,-73.99803557
13,Acer platanoides,40.73160277,-73.88023666
6,Pyrus calleryana,40.80240052,-73.94277236
4,Acer platanoides,40.65160798,-74.00761738
7,Pyrus calleryana,40.73482497,-74.00474493
30,Platanus x acerifolia,40.71478664,-73.73174964
31,Platanus x acerifolia,40.83178643,-73.8228236
25,Quercus palustris,40.61250357,-73.95403044
9,Quercus palustris,40.71883369,-73.79177178
8,Pyrus calleryana,40.75026547,-73.86459488
34,Quercus palustris,40.73563985,-73.74090439
16,Platanus x acerifolia,40.60878809,-73.9075726
20,Platanus x acerifolia,40.68605292,-73.93194195
10,Pyrus calleryana,40.54914484,-74.17807804
18,Platanus x acerifolia,40.69331788,-73.9569114
5,Pyrus calleryana,40.607258,-73.9888778
10,Acer platanoides,40.90048677,-73.86558057
6,Quercus palustris,40.63312075,-74.11346346
14,Pyrus calleryana,40.57089496,-74.13559816
4,Pyrus calleryana,40.70459995,-74.00680801
28,Platanus x acerifolia,40.61022827,-73.93506216
37,Platanus x acerifolia,40.61597174,-74.03557047
22,Acer platanoides,40.6370566,-73.91642294
26,Platanus x acerifolia,40.69182918,-73.73977354
7,Pyrus calleryana,40.65369193,-73.73822609
21,Platanus x acerifolia,40.62663052,-74.11989138
28,Acer platanoides,40.74081437,-73.76143854
32,Platanus x acerifolia,40.62680975,-73.96353211
4,Pyrus calleryana,40.52742677,-74.16330034
10,Platanus x acerifolia,40.87777503,-73.82340153
8,Quercus palustris,40.615055,-73.9874812
17,Acer platanoides,40.86988513,-73.86250615
29,Quercus palustris,40.73036389,-73.74540949
18,Platanus x acerifolia,40.73721736,-73.74528365
32,Platanus x acerifolia,40.69920612,-73.76719178
21,Quercus palustris,40.63795687,-73.90855318
16,Platanus x acerifolia,40.87146737,-73.86409868
11,Acer platanoides,40.88334766,-73.91413537
11,Quercus palustris,40.80763214,-73.85585981
14,Acer platanoides,40.78817685,-73.84280055
3,Quercus palustris,40.74267335,-73.81887203
5,Pyrus calleryana,40.680545,-73.88695737
29,Platanus x acerifolia,40.64481897,-73.90690501
7,Pyrus calleryana,40.60775044,-73.7489602
14,Acer platanoides,40.72917822,-73.90282056
5,Quercus palustris,40.63905275,-73.98228422
13,Pyrus calleryana,40.70422457,-73.7966575
24,Platanus x acerifolia,40.61267631,-73.92433164
28,Quercus palustris,40.79932098,-73.95895248
12,Acer platanoides,40.74708221,-73.74846201
10,Pyrus calleryana,40.55357701,-74.21101452
11,Acer platanoides,40.63701654,-73.93691367
4,Pyrus calleryana,40.79646444,-73.96996997
4,Platanus x acerifolia,40.73076966,-73.9834993
10,Quercus palustris,40.68468757,-73.90795364
23,Quercus palustris,40.61799772,-73.97716115
37,Quercus palustris,40.50863746,-74.24589383
14,Pyrus calleryana,40.70265886,-73.77193323
12,Acer platanoides,40.62960269,-73.89905724
22,Quercus palustris,40.68515372,-73.73010571
20,Quercus palustris,40.61962294,-74.14754066
10,Acer platanoides,40.71051984,-73.89956704
13,Acer platanoides,40.67618011,-73.96156379
14,Quercus palustris,40.78931602,-73.97573206
6,Quercus palustris,40.69374978,-73.99878829
14,Platanus x acerifolia,40.81258295,-73.94334477
7,Pyrus calleryana,40.52945544,-74.22021677
7,Pyrus calleryana,40.62532451,-74.088602
19,Platanus x acerifolia,40.77405249,-73.92140755
13,Quercus palustris,40.59751391,-74.13355341
7,Pyrus calleryana,40.86639627,-73.89010728
5,Platanus x acerifolia,40.64306987,-74.093277
4,Pyrus calleryana,40.73749459,-74.00785751
7,Pyrus calleryana,40.77035298,-73.95192924
8,Acer platanoides,40.84630195,-73.85617752
5,Pyrus calleryana,40.77022248,-73.95386872
11,Pyrus calleryana,40.61922153,-74.02805395
11,Quercus palustris,40.81587212,-73.88881782
31,Quercus palustris,40.72180224,-73.76026086
7,Pyrus calleryana,40.70089837,-73.88497377
14,Acer platanoides,40.68952623,-73.79341996
4,Quercus palustris,40.76158799,-73.76142512
22,Acer platanoides,40.75432615,-73.79456717
15,Platanus x acerifolia,40.68389553,-73.98516482
29,Quercus palustris,40.61925834,-73.91323528
7,Pyrus calleryana,40.55405645,-74.17404229
38,Quercus palustris,40.75658318,-73.81731498
15,Acer platanoides,40.70996144,-73.84391251
17,Quercus palustris,40.75560975,-73.73257834
10,Acer platanoides,40.69768664,-73.85150518
16,Quercus palustris,40.76019848,-73.77922849
16,Pyrus calleryana,40.50054363,-74.24022975
18,Platanus x acerifolia,40.66830562,-73.98811787
8,Pyrus calleryana,40.66757618,-73.75671195
24,Platanus x acerifolia,40.60839011,-73.92742996
7,Quercus palustris,40.6987457,-73.85265225
9,Acer platanoides,40.69618139,-73.76174303
13,Platanus x acerifolia,40.65918915,-73.95300474
27,Quercus palustris,40.7236216,-73.78217708
4,Platanus x acerifolia,40.66516506,-73.92482549
4,Platanus x acerifolia,40.71468971,-73.96100534
28,Platanus x acerifolia,40.69642027,-73.77193146
16,Quercus palustris,40.85299325,-73.93067679
12,Acer platanoides,40.57249746,-74.13459049
9,Quercus palustris,40.6797927,-73.73922612
6,Pyrus calleryana,40.6174431,-74.01766906
22,Platanus x acerifolia,40.86130239,-73.8619486
24,Platanus x acerifolia,40.56399329,-74.11970276
13,Quercus palustris,40.60136507,-73.73868743
5,Quercus palustris,40.82754648,-73.87804783
20,Acer platanoides,40.71855083,-73.89238219
11,Quercus palustris,40.73692624,-73.79111908
13,Acer platanoides,40.64416391,-73.90403834
13,Acer platanoides,40.6902801,-73.75557225
7,Pyrus calleryana,40.65330793,-73.74111372
4,Quercus palustris,40.61031252,-73.74977996
13,Pyrus calleryana,40.6745085,-73.78427802
6,Platanus x acerifolia,40.66570725,-73.91759237
20,Platanus x acerifolia,40.70369891,-74.01450781
25,Quercus palustris,40.68476964,-73.96263351
26,Quercus palustris,40.84146971,-73.83318687
7,Pyrus calleryana,40.83945427,-73.94153584
16,Acer platanoides,40.61051678,-74.12966223
27,Platanus x acerifolia,40.60823673,-73.97067968
19,Platanus x acerifolia,40.73050645,-73.82207686
9,Quercus palustris,40.76144525,-73.7855432
24,Platanus x acerifolia,40.62490351,-73.91105431
18,Quercus palustris,40.71348706,-73.95459538
3,Pyrus calleryana,40.57470663,-73.86014166
31,Quercus palustris,40.7023658,-73.85384202
8,Platanus x acerifolia,40.5126901,-74.25045417
8,Pyrus calleryana,40.72125201,-73.83753074
19,Platanus x acerifolia,40.61672519,-73.91286791
19,Pyrus calleryana,40.74427619,-73.92505812
14,Pyrus calleryana,40.54125222,-74.21769152
8,Quercus palustris,40.78947895,-73.9790472
11,Pyrus calleryana,40.55999116,-74.16255714
8,Pyrus calleryana,40.54981243,-74.18882244
39,Quercus palustris,40.69788444,-73.77018832
7,Quercus palustris,40.65229246,-73.95467046
11,Quercus palustris,40.66621447,-73.83916222
17,Platanus x acerifolia,40.71173718,-73.95018028
20,Platanus x acerifolia,40.60267566,-74.09737561
18,Quercus palustris,40.85256848,-73.86588254
35,Platanus x acerifolia,40.69930549,-73.76396271
14,Acer platanoides,40.72701525,-73.7373913
5,Quercus palustris,40.61697939,-73.98526141
28,Quercus palustris,40.70556894,-73.87662885
6,Pyrus calleryana,40.63998433,-74.16807349
22,Platanus x acerifolia,40.73299002,-73.85180477
16,Quercus palustris,40.76404797,-73.92770989
18,Pyrus calleryana,40.76781269,-73.96579432
19,Acer platanoides,40.7518872,-73.80601923
30,Platanus x acerifolia,40.66700005,-73.92946955
11,Platanus x acerifolia,40.6823528,-74.00019243
19,Quercus palustris,40.8177579,-73.91322648
17,Quercus palustris,40.721656,-73.78412204
16,Pyrus calleryana,40.63882009,-73.9756561
16,Quercus palustris,40.59634832,-73.9782665
5,Pyrus calleryana,40.54057678,-74.15357782
30,Platanus x acerifolia,40.66714315,-73.93258618
16,Platanus x acerifolia,40.57710309,-73.97056521
3,Quercus palustris,40.87328144,-73.83690478
25,Platanus x acerifolia,40.61146151,-73.91035199
18,Platanus x acerifolia,40.63300091,-73.90826509
6,Quercus palustris,40.52618007,-74.20201207
11,Quercus palustris,40.6556605,-73.98154864
24,Platanus x acerifolia,40.76641961,-73.90828022
7,Pyrus calleryana,40.55764907,-74.19632652
22,Acer platanoides,40.78201532,-73.80282794
7,Pyrus calleryana,40.54718549,-74.18162258
28,Quercus palustris,40.8420293,-73.85339875
19,Quercus palustris,40.7355355,-73.87266596
16,Platanus x acerifolia,40.71210723,-73.99231962
21,Platanus x acerifolia,40.56176315,-74.12856385
11,Pyrus calleryana,40.53899857,-74.20058273
18,Quercus palustris,40.54444914,-74.16552225
27,Platanus x acerifolia,40.6296978,-74.00616138
16,Pyrus calleryana,40.75728999,-73.86174715
26,Quercus palustris,40.75622045,-73.87405226
13,Pyrus calleryana,40.71452363,-73.95475364
26,Platanus x acerifolia,40.63177718,-74.10751658
27,Platanus x acerifolia,40.69701924,-73.84123216
3,Platanus x acerifolia,40.81864217,-73.94387616
6,Pyrus calleryana,40.5328951,-74.23937106
14,Pyrus calleryana,40.73652024,-74.00137323
6,Pyrus calleryana,40.79080616,-73.84350758
29,Platanus x acerifolia,40.61934256,-74.02668842
18,Acer platanoides,40.73843143,-73.718646
36,Platanus x acerifolia,40.77920874,-73.84694409
15,Quercus palustris,40.60829433,-73.98365846
30,Platanus x acerifolia,40.61025538,-73.94312014
10,Pyrus calleryana,40.79802345,-73.81724386
13,Pyrus calleryana,40.54592647,-74.19260136
14,Quercus palustris,40.64451122,-74.01851502
25,Platanus x acerifolia,40.60505338,-73.94349052
23,Platanus x acerifolia,40.63403669,-73.92371501
5,Acer platanoides,40.73133427,-73.75278534
15,Platanus x acerifolia,40.62182618,-73.92054111
16,Acer platanoides,40.68732504,-73.8313376
30,Platanus x acerifolia,40.69004948,-73.7761932
15,Platanus x acerifolia,40.68214002,-73.92584366
5,Pyrus calleryana,40.75146598,-73.9818646
20,Acer platanoides,40.75132341,-73.70527569
5,Pyrus calleryana,40.5423799,-74.17409709
11,Platanus x acerifolia,40.7197281,-73.9601206
15,Acer platanoides,40.7449298,-73.77350185
8,Pyrus calleryana,40.60313372,-74.08453661
17,Quercus palustris,40.68311973,-73.84567123
16,Pyrus calleryana,40.67048212,-73.97316069
22,Quercus palustris,40.61384335,-73.91832114
14,Pyrus calleryana,40.83971482,-73.82087944
2,Platanus x acerifolia,40.6375593,-74.01132373
14,Acer platanoides,40.75641933,-73.91893809
32,Quercus palustris,40.79499211,-73.80123908
27,Platanus x acerifolia,40.63511831,-74.00880725
4,Pyrus calleryana,40.60744934,-74.09095768
25,Platanus x acerifolia,40.69539367,-73.90790178
30,Acer platanoides,40.88351408,-73.86456322
8,Quercus palustris,40.62135777,-74.16405998
11,Acer platanoides,40.71259524,-73.85480196
24,Acer platanoides,40.75022166,-73.8131014
7,Pyrus calleryana,40.7242056,-73.87624985
13,Acer platanoides,40.73626566,-73.71091564
17,Quercus palustris,40.69918021,-73.96090941
15,Pyrus calleryana,40.60501402,-74.09563745
25,Quercus palustris,40.76749427,-73.74769792
15,Platanus x acerifolia,40.53823984,-74.19841924
9,Pyrus calleryana,40.85125089,-73.85976166
22,Quercus palustris,40.79326966,-73.84656886
11,Pyrus calleryana,40.56015226,-74.15186141
7,Pyrus calleryana,40.54018025,-74.17363109
5,Pyrus calleryana,40.69460756,-73.80983948
21,Platanus x acerifolia,40.61259878,-73.95377377
10,Acer platanoides,40.69780381,-73.94709709
8,Pyrus calleryana,40.70656938,-74.00670407
4,Quercus palustris,40.80317136,-73.9660887
14,Acer platanoides,40.59257589,-73.96513147
11,Acer platanoides,40.56222464,-74.15494521
3,Platanus x acerifolia,40.74197532,-73.78819034
31,Platanus x acerifolia,40.70445302,-73.88872007
12,Acer platanoides,40.74451406,-73.71997976
35,Platanus x acerifolia,40.67817632,-73.79277858
10,Quercus palustris,40.70255932,-73.92336445
16,Acer platanoides,40.71240814,-73.84685145
16,Quercus palustris,40.62317303,-74.12613436
16,Acer platanoides,40.70276714,-73.83955607
17,Platanus x acerifolia,40.60011227,-74.08890269
8,Quercus palustris,40.87083368,-73.88017235
39,Quercus palustris,40.71024301,-73.832623
16,Platanus x acerifolia,40.76335265,-73.91371134
23,Quercus palustris,40.5866756,-73.956063
3,Acer platanoides,40.54641706,-74.18552749
7,Pyrus calleryana,40.54817199,-74.20959427
14,Pyrus calleryana,40.73002317,-73.90197591
31,Quercus palustris,40.77270211,-73.81187669
28,Acer platanoides,40.68782163,-73.81186066
15,Pyrus calleryana,40.61640136,-74.1264866
25,Platanus x acerifolia,40.56625887,-74.12194865
7,Pyrus calleryana,40.53548321,-74.21009088
20,Acer platanoides,40.72625274,-73.78012134
30,Platanus x acerifolia,40.61100472,-74.00520618
30,Quercus palustris,40.52853949,-74.19033869
11,Pyrus calleryana,40.63796078,-73.96957468
14,Acer platanoides,40.68339523,-73.78324443
33,Quercus palustris,40.85803946,-73.86101192
2,Platanus x acerifolia,40.82165545,-73.94849426
20,Platanus x acerifolia,40.76403351,-73.81075144
32,Quercus palustris,40.74996265,-73.75281157
20,Quercus palustris,40.64023421,-74.00669213
32,Platanus x acerifolia,40.56152952,-74.12820074
12,Platanus x acerifolia,40.78851246,-73.97923572
25,Platanus x acerifolia,40.74484385,-73.7484659
4,Quercus palustris,40.77846719,-73.98838571
7,Acer platanoides,40.6030683,-73.76490923
3,Quercus palustris,40.71877357,-73.86377959
20,Acer platanoides,40.60705875,-73.9880569
8,Acer platanoides,40.72629063,-73.78741874
12,Acer platanoides,40.59645397,-74.07321064
5,Pyrus calleryana,40.88446285,-73.86545916
16,Platanus x acerifolia,40.73097064,-73.81920253
28,Platanus x acerifolia,40.85230085,-73.84964936
7,Platanus x acerifolia,40.71909675,-73.83805767
9,Quercus palustris,40.74398307,-73.94947981
18,Platanus x acerifolia,40.64081856,-73.94651581
17,Platanus x acerifolia,40.59854115,-73.75430063
23,Platanus x acerifolia,40.82560388,-73.82628164
17,Acer platanoides,40.75970128,-73.80602442
6,Pyrus calleryana,40.5512934,-74.13603982
22,Quercus palustris,40.66368241,-73.98083868
6,Pyrus calleryana,40.62013742,-73.90248278
5,Pyrus calleryana,40.72829611,-73.89106057
11,Pyrus calleryana,40.54523135,-74.16558292
4,Pyrus calleryana,40.52505734,-74.23579024
21,Quercus palustris,40.85811642,-73.85799254
10,Acer platanoides,40.53603107,-74.21148367
24,Platanus x acerifolia,40.71868845,-73.79200169
25,Quercus palustris,40.64036441,-74.01012982
29,Platanus x acerifolia,40.60505387,-73.94864786
26,Quercus palustris,40.71605861,-73.95755455
25,Platanus x acerifolia,40.77204891,-73.81970577
6,Pyrus calleryana,40.72822514,-74.00191971
11,Pyrus calleryana,40.67322009,-73.94761306
16,Acer platanoides,40.7257949,-73.80167851
11,Pyrus calleryana,40.74437994,-73.86573175
2,Quercus palustris,40.6035094,-74.00768493
20,Platanus x acerifolia,40.83965987,-73.85298489
16,Platanus x acerifolia,40.57498573,-73.85819896
9,Pyrus calleryana,40.74099468,-73.81691168
11,Quercus palustris,40.65237442,-73.73729979
3,Platanus x acerifolia,40.7307149,-73.98130272
8,Pyrus calleryana,40.53567792,-74.19731995
11,Platanus x acerifolia,40.74622639,-73.91627022
11,Platanus x acerifolia,40.74581429,-73.91101157
10,Pyrus calleryana,40.76838249,-73.87382329
9,Pyrus calleryana,40.82543032,-73.89286673
22,Platanus x acerifolia,40.90214155,-73.85477136
6,Acer platanoides,40.66017546,-73.90048956
6,Pyrus calleryana,40.76246208,-73.77160306
7,Quercus palustris,40.80682796,-73.93908883
30,Platanus x acerifolia,40.6031791,-73.94431312
21,Quercus palustris,40.77593086,-73.97601973
9,Acer platanoides,40.74722598,-73.78155926
17,Platanus x acerifolia,40.69472895,-73.9966508
9,Acer platanoides,40.55811309,-74.14074242
18,Acer platanoides,40.71136003,-73.90529217
8,Pyrus calleryana,40.71034606,-73.86698374
9,Pyrus calleryana,40.76706919,-73.80961582
22,Platanus x acerifolia,40.68877544,-73.99512763
6,Platanus x acerifolia,40.76680519,-73.91806307
22,Quercus palustris,40.75832325,-73.93845204
10,Acer platanoides,40.66426829,-73.74996361
11,Pyrus calleryana,40.52741847,-74.16549815
16,Platanus x acerifolia,40.66944506,-73.76399096
18,Acer platanoides,40.75088117,-73.70920887
27,Quercus palustris,40.72673077,-73.78135744
6,Pyrus calleryana,40.73396848,-73.77161665
3,Pyrus calleryana,40.76905653,-73.79858611
4,Quercus palustris,40.83551005,-73.94542747
24,Acer platanoides,40.70228871,-73.83198051
15,Platanus x acerifolia,40.72831804,-73.85701254
18,Platanus x acerifolia,40.60973411,-73.9963909
23,Acer platanoides,40.63766468,-74.11289151
10,Pyrus calleryana,40.52954652,-74.16491474
26,Quercus palustris,40.60916903,-73.9836994
12,Pyrus calleryana,40.65849589,-73.83096931
17,Acer platanoides,40.62503343,-74.01980897
18,Acer platanoides,40.60418958,-74.01712054
12,Quercus palustris,40.74139581,-73.8797009
19,Platanus x acerifolia,40.69439896,-73.99548928
18,Pyrus calleryana,40.59858457,-74.09752804
3,Quercus palustris,40.68040925,-73.86730823
11,Pyrus calleryana,40.71258198,-73.77261113
29,Platanus x acerifolia,40.58565382,-73.96918251
12,Quercus palustris,40.61635991,-74.16565412
25,Platanus x acerifolia,40.65607911,-73.91933392
23,Platanus x acerifolia,40.73243756,-73.84886911
15,Pyrus calleryana,40.73542337,-73.87350448
9,Platanus x acerifolia,40.77736059,-73.82693189
15,Pyrus calleryana,40.7264319,-73.79271334
8,Pyrus calleryana,40.75740251,-73.96944899
17,Platanus x acerifolia,40.67394616,-73.95991311
23,Platanus x acerifolia,40.83991213,-73.89004746
20,Platanus x acerifolia,40.72935175,-73.81815439
18,Pyrus calleryana,40.73666399,-73.8033905
9,Pyrus calleryana,40.79449364,-73.94160269
24,Acer platanoides,40.77067433,-73.79666794
28,Platanus x acerifolia,40.61320687,-73.94347275
36,Platanus x acerifolia,40.63104161,-74.01790592
9,Quercus palustris,40.64091039,-73.97301203
6,Acer platanoides,40.75077738,-73.89362041
3,Quercus palustris,40.85457006,-73.89919196
32,Platanus x acerifolia,40.60179894,-73.93930617
38,Platanus x acerifolia,40.70861061,-73.847631
23,Platanus x acerifolia,40.5768346,-74.10904223
31,Quercus palustris,40.89340832,-73.83711942
2,Quercus palustris,40.73417049,-73.95481326
21,Platanus x acerifolia,40.82192881,-73.85706087
17,Acer platanoides,40.63741731,-73.93651843
11,Quercus palustris,40.76507944,-73.99135959
11,Pyrus calleryana,40.62511909,-74.16700979
28,Platanus x acerifolia,40.59462305,-73.98093546
16,Platanus x acerifolia,40.72902078,-73.84947795
24,Platanus x acerifolia,40.8125066,-73.96377269
19,Platanus x acerifolia,40.63191468,-73.90664107
17,Quercus palustris,40.74078426,-73.88954767
2,Quercus palustris,40.72419113,-74.00794566
18,Quercus palustris,40.6247191,-74.16210299
15,Pyrus calleryana,40.75786628,-73.87909145
7,Pyrus calleryana,40.77524283,-73.95040244
6,Quercus palustris,40.74393753,-73.85174495
10,Pyrus calleryana,40.71931137,-73.94694931
30,Platanus x acerifolia,40.70595996,-73.7552849
9,Pyrus calleryana,40.6672842,-73.9424649
19,Platanus x acerifolia,40.55268532,-74.17971765
8,Pyrus calleryana,40.88965378,-73.85081621
14,Acer platanoides,40.73027846,-73.79956896
10,Pyrus calleryana,40.54451434,-74.21790539
29,Platanus x acerifolia,40.6143844,-74.00971539
23,Quercus palustris,40.63115962,-73.9483431
11,Acer platanoides,40.74010183,-73.7230341
3,Quercus palustris,40.58395276,-74.15363978
15,Acer platanoides,40.61619625,-73.95374834
2,Pyrus calleryana,40.67515799,-73.73797904
13,Platanus x acerifolia,40.63816624,-73.97574687
18,Platanus x acerifolia,40.60035664,-74.0766348
33,Quercus palustris,40.63571375,-74.09988588
6,Acer platanoides,40.60066503,-73.97442782
29,Platanus x acerifolia,40.62166176,-73.96554119
18,Platanus x acerifolia,40.6034588,-74.13652804
7,Pyrus calleryana,40.88175874,-73.87956501
15,Platanus x acerifolia,40.68001969,-73.77574145
20,Acer platanoides,40.71669975,-73.83293383
27,Platanus x acerifolia,40.82754898,-73.82583963
20,Platanus x acerifolia,40.68716407,-73.94277078
18,Platanus x acerifolia,40.89155843,-73.9122159
32,Quercus palustris,40.75054681,-73.75321164
29,Platanus x acerifolia,40.79422867,-73.82519247
12,Platanus x acerifolia,40.73605103,-73.85362223
4,Quercus palustris,40.59748125,-73.95513828
3,Platanus x acerifolia,40.62566451,-73.9672491
11,Pyrus calleryana,40.80652487,-73.94016269
5,Pyrus calleryana,40.52130906,-74.2102307
5,Pyrus calleryana,40.6289163,-74.16361925
19,Platanus x acerifolia,40.65734244,-73.95904134
8,Pyrus calleryana,40.7668704,-73.96913013
22,Platanus x acerifolia,40.58727175,-73.93736663
2,Platanus x acerifolia,40.85949406,-73.93069226
4,Pyrus calleryana,40.59626772,-74.09912937
8,Pyrus calleryana,40.5371689,-74.16073705
13,Acer platanoides,40.73560111,-73.70663471
13,Acer platanoides,40.63038959,-73.93254181
23,Platanus x acerifolia,40.62241504,-73.92152056
25,Acer platanoides,40.74908164,-73.90965553
29,Acer platanoides,40.64918102,-73.94394539
9,Pyrus calleryana,40.54458986,-74.21010253
41,Platanus x acerifolia,40.64178806,-73.97526994
4,Quercus palustris,40.68671294,-73.98030365
4,Acer platanoides,40.88828796,-73.86215726
32,Quercus palustris,40.59738857,-73.9571779
18,Platanus x acerifolia,40.7150421,-73.95435462
12,Pyrus calleryana,40.55275018,-74.17292969
27,Platanus x acerifolia,40.77744788,-73.9069666
16,Quercus palustris,40.64516404,-74.01788116
27,Platanus x acerifolia,40.63935555,-73.89073085
25,Quercus palustris,40.89850187,-73.86727604
10,Acer platanoides,40.72237589,-73.83855414
9,Acer platanoides,40.54695498,-74.20022161
3,Quercus palustris,40.65226508,-74.00848945
12,Pyrus calleryana,40.77644405,-73.94419885
6,Pyrus calleryana,40.88527699,-73.91524236
20,Acer platanoides,40.66854617,-73.78560895
15,Platanus x acerifolia,40.64900503,-74.00157937
18,Platanus x acerifolia,40.784075,-73.91381582
16,Pyrus calleryana,40.58220668,-74.08725327
34,Platanus x acerifolia,40.63111153,-74.0361692
7,Quercus palustris,40.61593968,-73.97909762
19,Platanus x acerifolia,40.66057183,-73.89097758
2,Quercus palustris,40.72089154,-73.85953802
14,Platanus x acerifolia,40.63472905,-74.01608732
12,Quercus palustris,40.72373104,-73.86273663
4,Platanus x acerifolia,40.74454841,-73.82609198
8,Pyrus calleryana,40.72361134,-73.86242694
3,Pyrus calleryana,40.78309367,-73.78345398
12,Pyrus calleryana,40.6954174,-73.79871109
35,Platanus x acerifolia,40.59624379,-73.95489744
8,Pyrus calleryana,40.61598953,-73.9357223
37,Platanus x acerifolia,40.57643513,-74.10687764
11,Quercus palustris,40.74479644,-73.98006276
33,Quercus palustris,40.69127993,-73.8427777
20,Platanus x acerifolia,40.77971168,-73.97385085
12,Acer platanoides,40.75833958,-73.79851082
31,Quercus palustris,40.78552765,-73.96902077
16,Acer platanoides,40.63122095,-74.03325093
8,Acer platanoides,40.71485184,-73.78830484
22,Platanus x acerifolia,40.69054829,-73.91758556
18,Quercus palustris,40.70118142,-73.89148268
14,Acer platanoides,40.84548756,-73.86084325
12,Acer platanoides,40.75860028,-73.85999987
19,Platanus x acerifolia,40.86551211,-73.84536081
6,Quercus palustris,40.79912375,-73.95905788
18,Pyrus calleryana,40.70756299,-73.90091996
5,Pyrus calleryana,40.74285198,-73.72005372
17,Pyrus calleryana,40.67937824,-73.97973188
26,Platanus x acerifolia,40.59658955,-73.94591337
5,Pyrus calleryana,40.8170304,-73.81913936
32,Platanus x acerifolia,40.75556917,-73.85975275
18,Acer platanoides,40.71021895,-73.91564605
4,Platanus x acerifolia,40.88678674,-73.84661513
5,Pyrus calleryana,40.68133056,-73.78300473
10,Pyrus calleryana,40.7243078,-73.74267521
10,Platanus x acerifolia,40.79018185,-73.94116133
23,Quercus palustris,40.64583285,-73.92018685
27,Quercus palustris,40.77346548,-73.78247212
4,Quercus palustris,40.76830711,-73.7845542
18,Quercus palustris,40.6640172,-73.85380706
9,Pyrus calleryana,40.61711861,-74.07821425
25,Quercus palustris,40.8834477,-73.88962736
12,Quercus palustris,40.72654044,-73.89412826
22,Platanus x acerifolia,40.74572039,-73.76918143
6,Quercus palustris,40.74379403,-73.95000769
9,Pyrus calleryana,40.75755418,-73.87631865
24,Platanus x acerifolia,40.75952244,-73.93337825
13,Platanus x acerifolia,40.7811939,-73.79226072
18,Platanus x acerifolia,40.62913214,-73.90249394
12,Pyrus calleryana,40.67403245,-73.91326876
35,Platanus x acerifolia,40.83271178,-73.91555496
7,Pyrus calleryana,40.67422823,-73.89264429
6,Pyrus calleryana,40.53501236,-74.19502128
15,Acer platanoides,40.6951548,-73.83424271
14,Platanus x acerifolia,40.65448218,-73.88631195
11,Pyrus calleryana,40.54060928,-74.21779071
27,Platanus x acerifolia,40.67607791,-73.73555907
4,Pyrus calleryana,40.56485351,-74.181834
17,Acer platanoides,40.7105106,-73.86645256
16,Platanus x acerifolia,40.67416575,-73.94852087
24,Quercus palustris,40.67752845,-73.91211013
21,Platanus x acerifolia,40.89965475,-73.84809114
8,Pyrus calleryana,40.79915768,-73.9688301
5,Quercus palustris,40.66795484,-73.90547801
9,Pyrus calleryana,40.52902317,-74.21105712
13,Pyrus calleryana,40.74052959,-74.00416968
15,Acer platanoides,40.67338054,-73.72857592
22,Platanus x acerifolia,40.64088871,-73.91682504
28,Platanus x acerifolia,40.64415408,-73.90525503
34,Platanus x acerifolia,40.62293871,-74.03248506
20,Platanus x acerifolia,40.57936124,-73.94102696
10,Pyrus calleryana,40.7680276,-73.88959844
20,Quercus palustris,40.62815754,-73.98388096
16,Platanus x acerifolia,40.85592006,-73.8513795
13,Platanus x acerifolia,40.73749694,-73.8567876
4,Pyrus calleryana,40.68765057,-73.97111421
11,Platanus x acerifolia,40.52509455,-74.18817225
6,Pyrus calleryana,40.53115379,-74.19220129
12,Pyrus calleryana,40.76329175,-73.83156092
2,Quercus palustris,40.80967729,-73.92881317
27,Platanus x acerifolia,40.69144917,-73.9932851
3,Pyrus calleryana,40.53725622,-74.14912589
11,Acer platanoides,40.6194876,-74.01514737
9,Pyrus calleryana,40.73102074,-73.95358831
17,Platanus x acerifolia,40.6444802,-73.98209925
30,Quercus palustris,40.68053584,-73.76681343
3,Pyrus calleryana,40.64800527,-73.9067953
14,Acer platanoides,40.56153542,-74.11967123
6,Quercus palustris,40.6625486,-73.92235456
6,Pyrus calleryana,40.67562743,-73.88466405
17,Platanus x acerifolia,40.87125975,-73.86261779
18,Quercus palustris,40.59196395,-74.08671773
12,Acer platanoides,40.72116616,-73.82219626
14,Platanus x acerifolia,40.64411461,-74.01463342
31,Platanus x acerifolia,40.67507234,-73.79895126
37,Quercus palustris,40.7676174,-73.7476614
11,Acer platanoides,40.67239616,-73.81248657
11,Platanus x acerifolia,40.74309069,-73.75056571
23,Acer platanoides,40.69011282,-73.72924995
19,Platanus x acerifolia,40.66836952,-73.84876676
32,Platanus x acerifolia,40.60230596,-73.9463109
11,Pyrus calleryana,40.7414687,-73.97791831
11,Platanus x acerifolia,40.55438721,-74.18157109
13,Pyrus calleryana,40.79488587,-73.94253688
12,Quercus palustris,40.76863114,-73.80656577
25,Quercus palustris,40.75554764,-73.87961893
26,Quercus palustris,40.66489088,-73.98606478
29,Platanus x acerifolia,40.61071963,-73.94258848
20,Platanus x acerifolia,40.60133603,-73.98221562
6,Pyrus calleryana,40.83319595,-73.91952151
20,Platanus x acerifolia,40.72838946,-73.89020099
30,Quercus palustris,40.60924038,-73.97011292
24,Platanus x acerifolia,40.60871434,-73.91277344
15,Acer platanoides,40.77575012,-73.77374588
16,Platanus x acerifolia,40.61408854,-73.93110635
11,Pyrus calleryana,40.8045212,-73.94001543
21,Platanus x acerifolia,40.63757582,-73.88978974
20,Quercus palustris,40.51511183,-74.24037109
15,Platanus x acerifolia,40.6217708,-73.91925589
7,Pyrus calleryana,40.51614483,-74.23615515
22,Platanus x acerifolia,40.76900872,-73.89997609
17,Acer platanoides,40.64035884,-73.89537544
3,Platanus x acerifolia,40.69347582,-73.95694289
24,Platanus x acerifolia,40.61146323,-73.90768898
14,Quercus palustris,40.6002517,-73.74460602
10,Pyrus calleryana,40.69747983,-73.88895922
5,Pyrus calleryana,40.76358092,-73.97520938
12,Acer platanoides,40.66780891,-73.82278999
33,Platanus x acerifolia,40.71265399,-73.77854125
15,Acer platanoides,40.77207465,-73.81302705
13,Acer platanoides,40.68850362,-73.72835709
6,Pyrus calleryana,40.546929660000004,-74.14492877
20,Pyrus calleryana,40.73931715,-73.70404073
26,Quercus palustris,40.61816973,-74.12352947
18,Quercus palustris,40.58173046,-74.09111539
30,Platanus x acerifolia,40.73381767,-73.77437086
8,Pyrus calleryana,40.66801892,-73.97854225
18,Acer platanoides,40.63244683,-74.02098262
5,Platanus x acerifolia,40.80706581,-73.88460683
40,Quercus palustris,40.71820813,-73.75514546
17,Platanus x acerifolia,40.71156039,-73.77431548
20,Acer platanoides,40.83502128,-73.83160073
13,Pyrus calleryana,40.77060329,-73.83161627
24,Platanus x acerifolia,40.79017413,-73.84872089
28,Platanus x acerifolia,40.76172941,-73.799142990000007
13,Pyrus calleryana,40.53768116,-74.17917952
21,Platanus x acerifolia,40.61157403,-74.16566393
25,Platanus x acerifolia,40.68539532,-73.99549703
27,Platanus x acerifolia,40.66452071,-73.89301809
24,Platanus x acerifolia,40.74132965,-73.80727637
4,Platanus x acerifolia,40.7636827,-73.91440523
30,Platanus x acerifolia,40.57555617,-74.10631241
7,Pyrus calleryana,40.53763152,-74.21818224
13,Acer platanoides,40.56949013,-74.11273836
25,Platanus x acerifolia,40.69429809,-73.94907449
26,Quercus palustris,40.71807785,-73.89415993
7,Pyrus calleryana,40.77648459,-73.84536575
9,Quercus palustris,40.8771003,-73.91783153
5,Quercus palustris,40.71913454,-73.95408624
8,Platanus x acerifolia,40.68856712,-73.74817451
16,Platanus x acerifolia,40.75590807,-73.87412336
12,Acer platanoides,40.83402364,-73.86429547
8,Quercus palustris,40.6325694,-73.9763635
14,Pyrus calleryana,40.59550217,-74.07200808
13,Platanus x acerifolia,40.64193312,-74.0125225
42,Platanus x acerifolia,40.76048434,-73.81438374
6,Pyrus calleryana,40.71862035,-73.83896098
6,Pyrus calleryana,40.54013304,-74.17360205
23,Quercus palustris,40.63057481,-73.88863494
44,Quercus palustris,40.75871584,-73.78569715
10,Platanus x acerifolia,40.78137681,-73.79229713
12,Quercus palustris,40.69235535,-73.92333284
19,Acer platanoides,40.67110944,-73.75203796
3,Quercus palustris,40.84786972,-73.91951335
8,Pyrus calleryana,40.55481486,-74.17330039
6,Platanus x acerifolia,40.64472585,-74.07721619
14,Acer platanoides,40.75124794,-73.70355837
28,Platanus x acerifolia,40.8299925,-73.85942535
5,Pyrus calleryana,40.85971526,-73.83005456
21,Platanus x acerifolia,40.77142776,-73.81669373
31,Quercus palustris,40.72842847,-73.95816909
20,Platanus x acerifolia,40.71248322,-73.94990079
13,Pyrus calleryana,40.55320115,-74.16947152
11,Acer platanoides,40.78164089,-73.80904254
11,Pyrus calleryana,40.53735808,-74.22174916
14,Acer platanoides,40.62683505,-74.01149689
12,Platanus x acerifolia,40.69678,-73.98847259
16,Platanus x acerifolia,40.74075414,-73.71853081
35,Platanus x acerifolia,40.62633551,-73.96356839
2,Quercus palustris,40.65585119,-73.92685086
15,Quercus palustris,40.70101989,-73.95547728
6,Pyrus calleryana,40.7686462,-73.82148694
6,Acer platanoides,40.74193297,-73.94164215
22,Platanus x acerifolia,40.631395499999996,-74.00111426
25,Platanus x acerifolia,40.72190672,-73.87550869
23,Quercus palustris,40.72816271,-73.87274693
6,Platanus x acerifolia,40.82936229,-73.91527934
5,Platanus x acerifolia,40.7221704,-73.98996615
2,Quercus palustris,40.64329006,-74.00591536
35,Platanus x acerifolia,40.76333259,-73.78390313
12,Pyrus calleryana,40.6344369,-74.0786602
11,Platanus x acerifolia,40.74659711,-73.917753630000007
21,Acer platanoides,40.57604445,-73.86234311
13,Quercus palustris,40.60951205,-73.99978477
8,Acer platanoides,40.75058706,-73.74733202
22,Platanus x acerifolia,40.60599981,-74.13521939
4,Acer platanoides,40.74945621,-73.74665665
5,Quercus palustris,40.68596923,-73.95965743
19,Quercus palustris,40.742031,-73.80568892
11,Quercus palustris,40.83208402,-73.85494903
26,Quercus palustris,40.75649792,-73.73713921
15,Platanus x acerifolia,40.68451022,-73.98466663
9,Pyrus calleryana,40.51847402,-74.20414268
27,Quercus palustris,40.74469565,-73.7762326
11,Pyrus calleryana,40.60957573,-73.74594644
10,Pyrus calleryana,40.62777553,-73.96980987
34,Platanus x acerifolia,40.63686341,-74.10287737
14,Platanus x acerifolia,40.65706973,-73.98190728
8,Pyrus calleryana,40.54914708,-74.18363849
10,Pyrus calleryana,40.74979682,-73.81090839
29,Platanus x acerifolia,40.61413659,-74.00327904
1,Acer platanoides,40.75326024,-73.76838916
8,Pyrus calleryana,40.58794096,-74.14786296
8,Pyrus calleryana,40.53880591,-74.14625537
26,Quercus palustris,40.76003732,-73.82411269
23,Platanus x acerifolia,40.76781434,-73.89334119
15,Quercus palustris,40.61483842,-73.96882483
33,Acer platanoides,40.68960792,-73.86441343
24,Acer platanoides,40.75570703,-73.73168642
28,Platanus x acerifolia,40.62185996,-73.99671632
8,Pyrus calleryana,40.79061007,-73.82683795
12,Acer platanoides,40.70828406,-73.91461291
7,Pyrus calleryana,40.72747584,-73.99248147
10,Acer platanoides,40.79112677,-73.79766849
38,Quercus palustris,40.64250365,-74.11167538
7,Acer platanoides,40.57153535,-74.12905776
30,Platanus x acerifolia,40.65982471,-73.89487545
25,Platanus x acerifolia,40.65489405,-73.97809934
17,Platanus x acerifolia,40.67433425,-73.94963688
8,Pyrus calleryana,40.82395797,-73.93875513
15,Quercus palustris,40.82615221,-73.87128769
27,Platanus x acerifolia,40.73188639,-73.90169384
36,Platanus x acerifolia,40.66149175,-73.91733939
13,Pyrus calleryana,40.60243511,-74.07350186
22,Platanus x acerifolia,40.74338015,-73.75283602
18,Platanus x acerifolia,40.66577871,-73.97764422
33,Platanus x acerifolia,40.70175956,-73.75852149
10,Pyrus calleryana,40.77989253,-73.96048128
10,Acer platanoides,40.63493792,-73.90755315
27,Platanus x acerifolia,40.64397804,-74.09970704
2,Quercus palustris,40.76059685,-73.87233539
8,Pyrus calleryana,40.5491727,-74.22150127
8,Pyrus calleryana,40.8421885,-73.823201890000007
20,Quercus palustris,40.66766471,-73.81203484
24,Quercus palustris,40.72849748,-73.87256987
4,Pyrus calleryana,40.62894373,-74.16135277
15,Pyrus calleryana,40.66236594,-73.77239409
7,Pyrus calleryana,40.85582153,-73.85421472
15,Quercus palustris,40.62035171,-74.15785426
6,Pyrus calleryana,40.68705855,-73.96319608
30,Platanus x acerifolia,40.6698859,-73.88415877
18,Acer platanoides,40.73939811,-73.86503261
30,Platanus x acerifolia,40.73075249,-73.7257567
15,Quercus palustris,40.72857374,-73.88839119
20,Platanus x acerifolia,40.6432397,-73.99979043
26,Platanus x acerifolia,40.59666398,-73.9459275
12,Pyrus calleryana,40.83322902,-73.89668593
14,Acer platanoides,40.65203935,-73.96124725
13,Pyrus calleryana,40.67958621,-73.96536156
26,Platanus x acerifolia,40.6933363,-73.73912105
9,Pyrus calleryana,40.73886578,-73.92641073
24,Quercus palustris,40.81832921,-73.86504149
15,Acer platanoides,40.61961919,-73.92884116
21,Quercus palustris,40.66733065,-73.8112996
21,Acer platanoides,40.7411216,-73.71929185
22,Platanus x acerifolia,40.63852586,-73.91787056
7,Quercus palustris,40.63902648,-74.10432318
10,Quercus palustris,40.77137753,-73.98811905
11,Pyrus calleryana,40.54247746,-74.19144854
9,Pyrus calleryana,40.68511093,-73.98443513
29,Quercus palustris,40.68926197,-73.82814647
25,Quercus palustris,40.9061791,-73.89634224
8,Pyrus calleryana,40.69779157,-73.72976644
9,Acer platanoides,40.8334378,-73.85043506
11,Pyrus calleryana,40.7008194,-73.95605168
16,Platanus x acerifolia,40.63975319,-74.01042421
8,Pyrus calleryana,40.75513774,-73.99826288
8,Pyrus calleryana,40.62950271,-74.15909456
37,Quercus palustris,40.67386787,-74.00479444
10,Acer platanoides,40.659549320000004,-73.95874392
16,Quercus palustris,40.78574766,-73.94907219
33,Platanus x acerifolia,40.68629292,-73.83275095
9,Acer platanoides,40.67693204,-73.98198117
13,Pyrus calleryana,40.89381335,-73.84789928
25,Platanus x acerifolia,40.64889372,-73.93485884
11,Pyrus calleryana,40.696451,-73.89331726
8,Quercus palustris,40.77663946,-73.98942126
27,Platanus x acerifolia,40.64187506,-74.00185759
18,Platanus x acerifolia,40.55425779,-74.16212298
5,Quercus palustris,40.61991732,-74.08360891
7,Acer platanoides,40.75417367,-73.89263062
27,Platanus x acerifolia,40.69088767,-73.84790204
5,Acer platanoides,40.53401837,-74.170561
10,Pyrus calleryana,40.73137278,-73.73802764
6,Pyrus calleryana,40.90213318,-73.90152915
13,Quercus palustris,40.74421095,-73.98029836
43,Quercus palustris,40.85723538,-73.8560683
5,Pyrus calleryana,40.54689988,-74.16820545
8,Pyrus calleryana,40.53995064,-74.16952865
9,Platanus x acerifolia,40.80329846,-73.96665039
14,Pyrus calleryana,40.54511558,-74.19939673
30,Quercus palustris,40.76448979,-73.81585593
31,Quercus palustris,40.5977151,-74.07676493
4,Pyrus calleryana,40.86933443,-73.89136567
8,Pyrus calleryana,40.61129488,-73.90498531
25,Platanus x acerifolia,40.6955079,-73.82104288
20,Quercus palustris,40.73076679,-73.91885932
9,Pyrus calleryana,40.71924105,-73.97689757
10,Acer platanoides,40.90896141,-73.90077022
3,Quercus palustris,40.76244291,-73.91605736
25,Platanus x acerifolia,40.63629207,-73.92605154
3,Quercus palustris,40.81125029,-73.8586185
21,Acer platanoides,40.61643436,-73.94601058
18,Quercus palustris,40.67253166,-73.98438773
29,Platanus x acerifolia,40.62246586,-74.00886501
21,Quercus palustris,40.73612622,-73.89059937
9,Pyrus calleryana,40.60666542,-74.13976577
16,Acer platanoides,40.66820734,-73.80257743
4,Pyrus calleryana,40.63426844,-74.03036607
9,Quercus palustris,40.6892844,-73.90554356
7,Acer platanoides,40.71315778,-73.91145229
4,Pyrus calleryana,40.84640736,-73.84474543
8,Pyrus calleryana,40.77862953,-73.95579017
30,Quercus palustris,40.79075524,-73.96520217
11,Pyrus calleryana,40.6266264,-74.07641492
9,Pyrus calleryana,40.83992248,-73.93578554
25,Quercus palustris,40.75868003,-73.77232716
16,Quercus palustris,40.67212298,-74.00299924
38,Platanus x acerifolia,40.62207585,-74.09265033
18,Quercus palustris,40.67029888,-73.79329605
35,Platanus x acerifolia,40.82982231,-73.95016281
2,Quercus palustris,40.6568582,-73.90290389
13,Acer platanoides,40.77527408,-73.90163522
5,Pyrus calleryana,40.7882403,-73.95154562
12,Acer platanoides,40.86406718,-73.84540718
3,Quercus palustris,40.53243386,-74.20724867
17,Quercus palustris,40.6139417,-74.09856368
11,Pyrus calleryana,40.53249266,-74.16086094
31,Quercus palustris,40.82616176,-73.94086318
7,Quercus palustris,40.76088894,-73.78705094
6,Pyrus calleryana,40.67466273,-74.01594993
31,Platanus x acerifolia,40.62472561,-74.03959879
5,Quercus palustris,40.65877479,-73.89446525
14,Acer platanoides,40.66171068,-73.73648897
7,Pyrus calleryana,40.72039165,-73.94574164
19,Quercus palustris,40.60114222,-74.12328862
4,Quercus palustris,40.77760405,-73.988885
24,Platanus x acerifolia,40.6390319,-73.88306756
2,Pyrus calleryana,40.50981672,-74.24358886
25,Platanus x acerifolia,40.58374056,-73.97325795
26,Platanus x acerifolia,40.61052814,-73.94855311
12,Platanus x acerifolia,40.73817811,-73.92722923
27,Platanus x acerifolia,40.72550143,-73.86724668
13,Pyrus calleryana,40.79376603,-73.84247118
21,Quercus palustris,40.72600284,-73.81596147
18,Platanus x acerifolia,40.64479566,-73.94403545
24,Platanus x acerifolia,40.73271739,-73.80315524
20,Platanus x acerifolia,40.71534215,-73.95028562
17,Platanus x acerifolia,40.81766481,-73.89552057
25,Platanus x acerifolia,40.72307284,-73.90486721
23,Platanus x acerifolia,40.63783674,-73.92218075
8,Pyrus calleryana,40.62354807,-74.13065042
8,Quercus palustris,40.82834172,-73.93930578
12,Pyrus calleryana,40.74212233,-73.8034137
5,Pyrus calleryana,40.75523232,-73.96756716
10,Quercus palustris,40.76880717,-73.752588
14,Quercus palustris,40.72669555,-73.94474411
25,Platanus x acerifolia,40.66477652,-73.92825372
15,Platanus x acerifolia,40.73527685,-73.82157463
9,Pyrus calleryana,40.85681226,-73.89716642
23,Platanus x acerifolia,40.7438793,-73.91754319
5,Pyrus calleryana,40.73075716,-73.91762635
15,Quercus palustris,40.68273635,-73.99249068
18,Platanus x acerifolia,40.74361619,-73.78339057
24,Quercus palustris,40.60886286,-74.11626549
29,Platanus x acerifolia,40.6784529,-73.98146817
9,Pyrus calleryana,40.73838813,-73.86154097
7,Pyrus calleryana,40.75447064,-73.77232797
35,Platanus x acerifolia,40.67460021,-73.76110716
8,Pyrus calleryana,40.72561311,-73.86422434
20,Platanus x acerifolia,40.70432818,-73.95341983
17,Pyrus calleryana,40.77539745,-73.95663211
18,Pyrus calleryana,40.71643198,-74.00963347
5,Pyrus calleryana,40.55496025,-74.20200117
7,Acer platanoides,40.61868445,-73.9638848
9,Acer platanoides,40.72368077,-73.73116003
7,Pyrus calleryana,40.7381684,-74.00464648
25,Quercus palustris,40.73483154,-73.81460098
19,Quercus palustris,40.85139355,-73.78573543
5,Quercus palustris,40.74964689,-73.86774075
5,Quercus palustris,40.75980517,-73.77636866
18,Quercus palustris,40.74566449,-73.77869756
16,Acer platanoides,40.86442609,-73.84525726
11,Platanus x acerifolia,40.77509711,-73.97944783
12,Acer platanoides,40.75672161,-73.81723352
12,Quercus palustris,40.57748881,-74.10689314
24,Platanus x acerifolia,40.75986278,-73.71965036
4,Platanus x acerifolia,40.59615336,-74.16584366
20,Quercus palustris,40.5955926,-74.15576809
25,Platanus x acerifolia,40.59761678,-74.08980145
28,Quercus palustris,40.75786228,-73.76395412
22,Platanus x acerifolia,40.67439474,-73.75701203
21,Quercus palustris,40.73088339,-73.73253885
26,Quercus palustris,40.72088886,-73.8186298
23,Acer platanoides,40.67726265,-73.82364111
16,Platanus x acerifolia,40.64776275,-73.96856967
6,Platanus x acerifolia,40.79378546,-73.94212976
12,Platanus x acerifolia,40.73826838,-73.74290128
5,Quercus palustris,40.68488427,-73.91244274
25,Platanus x acerifolia,40.75347118,-73.75236062
32,Platanus x acerifolia,40.72446848,-73.75837838
34,Platanus x acerifolia,40.59065222,-74.07831377
29,Platanus x acerifolia,40.70274694,-73.75100211
20,Platanus x acerifolia,40.63765785,-73.89111472
4,Platanus x acerifolia,40.83792588,-73.88890594
2,Quercus palustris,40.69698465,-73.90876426
12,Quercus palustris,40.8046167,-73.96797307
14,Pyrus calleryana,40.56148132,-74.10962729
20,Platanus x acerifolia,40.89497028,-73.84153046
21,Platanus x acerifolia,40.67215181,-73.94249419
14,Pyrus calleryana,40.64698296,-73.97625828
14,Acer platanoides,40.60016896,-73.99536759
20,Platanus x acerifolia,40.75666868,-73.88645545
2,Pyrus calleryana,40.55950229,-74.1306003
24,Platanus x acerifolia,40.76731425,-73.91669236
26,Platanus x acerifolia,40.62363741,-74.09094779
10,Acer platanoides,40.74077792,-73.81554741
3,Acer platanoides,40.75558116,-73.90341571
2,Quercus palustris,40.50508133,-74.25205447
6,Pyrus calleryana,40.70665224,-74.01670708
29,Platanus x acerifolia,40.55462786,-74.15936254
27,Quercus palustris,40.7096945,-73.81683803
21,Pyrus calleryana,40.73929625,-73.7041691
22,Acer platanoides,40.72923702,-73.74629276
34,Quercus palustris,40.63741806,-73.88586843
29,Platanus x acerifolia,40.75753227,-73.90881952
28,Quercus palustris,40.73472401,-73.81460595
24,Platanus x acerifolia,40.62802425,-74.1109424
8,Quercus palustris,40.72014025,-73.90822144
25,Platanus x acerifolia,40.83620813,-73.87708329
30,Platanus x acerifolia,40.74862054,-73.91578796
18,Pyrus calleryana,40.6268865,-73.98911742
7,Pyrus calleryana,40.59363335,-74.19127597
20,Platanus x acerifolia,40.68438212,-73.78814107
20,Platanus x acerifolia,40.78536753,-73.82296369
5,Pyrus calleryana,40.81055576,-73.88647972
37,Platanus x acerifolia,40.599195280000004,-73.98465132
20,Quercus palustris,40.663829,-73.98091761
22,Platanus x acerifolia,40.64455421,-73.88783477
15,Acer platanoides,40.69321878,-73.83954766
20,Platanus x acerifolia,40.63832132,-74.08450863
28,Platanus x acerifolia,40.6692656,-73.80479475
18,Platanus x acerifolia,40.57763707,-73.95597318
3,Pyrus calleryana,40.5415398,-74.16961541
15,Acer platanoides,40.662009,-73.9229251
18,Platanus x acerifolia,40.82984376,-73.84813247
3,Platanus x acerifolia,40.60902218,-73.92345253
24,Platanus x acerifolia,40.7353385,-73.75373988
13,Acer platanoides,40.73635942,-73.90367526
29,Acer platanoides,40.58543905,-74.0952298
18,Platanus x acerifolia,40.67029891,-73.98194511
33,Platanus x acerifolia,40.63379577,-74.02793169
34,Platanus x acerifolia,40.63353421,-74.0181267
4,Pyrus calleryana,40.72368067,-73.99467672
13,Quercus palustris,40.66600861,-73.88957684
6,Quercus palustris,40.70345876,-73.88439538
7,Pyrus calleryana,40.78392408,-73.94322952
18,Platanus x acerifolia,40.68830442,-73.9589098
10,Pyrus calleryana,40.82512545,-73.89576104
6,Pyrus calleryana,40.63104361,-74.14126049
10,Pyrus calleryana,40.54023371,-74.16906597
26,Platanus x acerifolia,40.74463791,-73.9005701
3,Pyrus calleryana,40.77526843,-73.7532073
18,Platanus x acerifolia,40.62875042,-74.11861637
26,Platanus x acerifolia,40.60973262,-73.90560444
6,Acer platanoides,40.61881037,-73.92750312
16,Platanus x acerifolia,40.75084259,-73.75465966
28,Quercus palustris,40.62032046,-73.98127089
36,Quercus palustris,40.68695113,-73.85352877
11,Pyrus calleryana,40.59410869,-74.08278546
31,Platanus x acerifolia,40.68253676,-73.87389904
34,Platanus x acerifolia,40.63837504,-73.99305035
12,Pyrus calleryana,40.508832,-74.22882517
24,Platanus x acerifolia,40.61502598,-73.99546713
25,Platanus x acerifolia,40.67403571,-73.74992769
10,Platanus x acerifolia,40.87125157,-73.86221129
14,Platanus x acerifolia,40.58636421,-73.81291734
15,Pyrus calleryana,40.58196035,-73.95394382
20,Acer platanoides,40.62732489,-73.97302047
16,Acer platanoides,40.55337987,-74.18374399
29,Platanus x acerifolia,40.75980564,-73.7198165
29,Platanus x acerifolia,40.60960019,-73.93500565
9,Pyrus calleryana,40.59492308,-74.07159411
28,Quercus palustris,40.6075208,-74.1511093
21,Quercus palustris,40.781923,-73.97532346
21,Platanus x acerifolia,40.73360536,-73.86009014
31,Quercus palustris,40.61730207,-74.10147367
6,Quercus palustris,40.83337622,-73.92037941
15,Acer platanoides,40.61019384,-74.13255134
14,Platanus x acerifolia,40.85748342,-73.8863666
15,Acer platanoides,40.74542508,-73.77066871
11,Pyrus calleryana,40.60299642,-73.9837205
25,Platanus x acerifolia,40.55398326,-74.13481102
37,Platanus x acerifolia,40.62708364,-74.15099769
31,Platanus x acerifolia,40.83902591,-73.82002267
40,Platanus x acerifolia,40.8507146,-73.86284642
11,Pyrus calleryana,40.86508751,-73.85095111
12,Quercus palustris,40.69828793,-73.98998842
7,Quercus palustris,40.83595135,-73.9294738
11,Quercus palustris,40.64729478,-73.92788893
11,Pyrus calleryana,40.59740853,-74.08783783
4,Platanus x acerifolia,40.81665916,-73.9447182
19,Pyrus calleryana,40.74503415,-73.70714132
14,Pyrus calleryana,40.62606675,-73.91106114
8,Acer platanoides,40.73370887,-73.79663602
11,Quercus palustris,40.75310067,-73.78149322
4,Platanus x acerifolia,40.79077931,-73.95058152
27,Platanus x acerifolia,40.6535673,-73.94221313
7,Pyrus calleryana,40.87209202,-73.84878287
29,Platanus x acerifolia,40.5957718,-73.94675762
11,Acer platanoides,40.73672519,-73.70913614
21,Platanus x acerifolia,40.61839045,-73.98139598
4,Quercus palustris,40.7632559,-73.90278736
3,Quercus palustris,40.60908802,-73.75320381
9,Quercus palustris,40.81088214,-73.94718023
8,Acer platanoides,40.54234292,-74.20290471
4,Quercus palustris,40.75643955,-73.85926251
4,Quercus palustris,40.78744421,-73.94968635
25,Platanus x acerifolia,40.71613522,-73.85459889
18,Quercus palustris,40.78679668,-73.80648854
24,Platanus x acerifolia,40.60740743,-73.97754367
9,Acer platanoides,40.70760084,-73.90627329
15,Platanus x acerifolia,40.76832798,-73.95304002
26,Platanus x acerifolia,40.76570691,-73.73582149
10,Acer platanoides,40.71540146,-73.89914028
30,Quercus palustris,40.79017946,-73.96562323
6,Pyrus calleryana,40.51655745,-74.20308651
13,Quercus palustris,40.7462206,-73.94961775
17,Platanus x acerifolia,40.71584305,-73.83341645
32,Platanus x acerifolia,40.76288159,-73.79095979
46,Quercus palustris,40.73301754,-73.82366772
13,Quercus palustris,40.61803468,-73.91538561
11,Quercus palustris,40.74864349,-73.86823035
43,Platanus x acerifolia,40.68780104,-73.8126054
9,Platanus x acerifolia,40.67185748,-73.89297223
7,Pyrus calleryana,40.52867725,-74.21706509
27,Platanus x acerifolia,40.6655271,-73.8440127
12,Pyrus calleryana,40.74724849,-73.74785067
19,Acer platanoides,40.76007578,-73.72337781
9,Quercus palustris,40.52137028,-74.18225218
21,Platanus x acerifolia,40.63027325,-73.92424737
16,Quercus palustris,40.59467483,-74.09351756
23,Platanus x acerifolia,40.75263425,-73.88003942
18,Platanus x acerifolia,40.82980413,-73.84751438
6,Pyrus calleryana,40.77016828,-73.95373982
27,Quercus palustris,40.72896689,-73.80136831
16,Platanus x acerifolia,40.77852816,-73.79393928
6,Platanus x acerifolia,40.60442024,-74.17029572
18,Quercus palustris,40.71855308,-73.88225546
10,Pyrus calleryana,40.53650006,-74.19701239
30,Quercus palustris,40.73926237,-73.82243967
16,Pyrus calleryana,40.72356537,-73.73546805
14,Pyrus calleryana,40.74601679,-73.86094369
35,Quercus palustris,40.77579482,-73.77358286
10,Pyrus calleryana,40.85011325,-73.88626949
10,Quercus palustris,40.81324894,-73.94904644
2,Pyrus calleryana,40.70109059,-73.73473058
41,Platanus x acerifolia,40.68949289,-73.80141877
21,Platanus x acerifolia,40.59365912,-74.08907912
29,Platanus x acerifolia,40.59152736,-73.95400315
36,Platanus x acerifolia,40.83246215,-73.92532202
12,Quercus palustris,40.69248517,-73.75957939
3,Pyrus calleryana,40.63821919,-74.11573875
11,Platanus x acerifolia,40.55778688,-74.15091585
16,Pyrus calleryana,40.69797482,-73.99512153
34,Platanus x acerifolia,40.70883361,-73.76885832
16,Quercus palustris,40.5398554,-74.17122029
9,Acer platanoides,40.74105561,-73.88720855
11,Quercus palustris,40.8142615,-73.95119345
10,Platanus x acerifolia,40.63345878,-73.97536663
5,Pyrus calleryana,40.68247638,-73.829679
10,Quercus palustris,40.77623539,-73.98756802
4,Quercus palustris,40.71942424,-73.81534053
5,Acer platanoides,40.60593086,-74.18086057
9,Pyrus calleryana,40.54326366,-74.16597185
25,Platanus x acerifolia,40.65571962,-73.93188204
8,Pyrus calleryana,40.5384557,-74.17195941
37,Platanus x acerifolia,40.75307419,-73.88024222
18,Platanus x acerifolia,40.69085134,-73.93369755
8,Acer platanoides,40.8800177,-73.88185944
11,Pyrus calleryana,40.86610278,-73.91836989
22,Platanus x acerifolia,40.85584172,-73.84381674
29,Quercus palustris,40.81772135,-73.81418753
30,Platanus x acerifolia,40.76102671,-73.79071356
16,Platanus x acerifolia,40.62673019,-73.94027681
4,Platanus x acerifolia,40.76290414,-73.81017863
5,Pyrus calleryana,40.54569521,-74.16463068
18,Platanus x acerifolia,40.7303269,-73.73848826
6,Pyrus calleryana,40.78952446,-73.82714778
19,Quercus palustris,40.71436764,-73.76645839
13,Quercus palustris,40.71608736,-73.77397347
14,Platanus x acerifolia,40.70758328,-73.90510089
23,Platanus x acerifolia,40.69425018,-73.99637888
8,Pyrus calleryana,40.52928257,-74.2046261
14,Quercus palustris,40.75430941,-73.79362746
15,Platanus x acerifolia,40.70108206,-73.83630292
28,Platanus x acerifolia,40.83191098,-73.86439647
20,Platanus x acerifolia,40.58464543,-73.97205552
12,Pyrus calleryana,40.58020465,-73.85348641
19,Pyrus calleryana,40.73887427,-73.70485101
20,Platanus x acerifolia,40.72547653,-73.80773406
13,Pyrus calleryana,40.8031683,-73.95045166
23,Platanus x acerifolia,40.70346297,-73.7649486
22,Platanus x acerifolia,40.7405288,-73.75484199
19,Quercus palustris,40.63437452,-73.94914999
13,Platanus x acerifolia,40.82026777,-73.95497409
28,Quercus palustris,40.73227128,-73.82366296
8,Pyrus calleryana,40.55549751,-74.13016386
38,Platanus x acerifolia,40.63920443,-74.10308771
6,Acer platanoides,40.65840493,-73.73465029
4,Pyrus calleryana,40.51822293,-74.2049277
20,Quercus palustris,40.62914193,-73.90002846
13,Platanus x acerifolia,40.60124819,-74.08682039
34,Quercus palustris,40.68574222,-73.76437095
7,Acer platanoides,40.64328734,-74.08502122
11,Quercus palustris,40.68036209,-73.75301906
34,Platanus x acerifolia,40.66743239,-73.95448438
31,Platanus x acerifolia,40.57804359,-74.11687748
21,Quercus palustris,40.63550871,-73.95067298
9,Pyrus calleryana,40.57507589,-74.13835764
30,Platanus x acerifolia,40.83907526,-73.8760521
7,Pyrus calleryana,40.71924135,-73.85037872
29,Platanus x acerifolia,40.70237965,-73.73619218
6,Pyrus calleryana,40.75395029,-73.98709843
24,Quercus palustris,40.67349616,-73.93379601
15,Pyrus calleryana,40.82284565,-73.82878811
17,Acer platanoides,40.62692884,-73.94974586
4,Platanus x acerifolia,40.70625298,-73.9159756
23,Acer platanoides,40.77353843,-73.77919399
18,Platanus x acerifolia,40.60367472,-74.08956512
13,Pyrus calleryana,40.75675332,-73.79384447
7,Pyrus calleryana,40.8637454,-73.84730225
20,Platanus x acerifolia,40.62133343,-73.90526653
4,Quercus palustris,40.64003925,-74.006369
19,Platanus x acerifolia,40.75079761,-73.7268013
18,Acer platanoides,40.74922517,-73.76963891
28,Quercus palustris,40.77269105,-73.81173881
30,Platanus x acerifolia,40.59726082,-73.95325792
12,Platanus x acerifolia,40.68179003,-73.99662717
6,Acer platanoides,40.62297086,-74.03220273
10,Acer platanoides,40.62118209,-73.90781632
6,Pyrus calleryana,40.77555438,-73.94822746
20,Platanus x acerifolia,40.7271198,-73.95060979
10,Pyrus calleryana,40.70163693,-73.9009523
11,Pyrus calleryana,40.50167644,-74.24048027
24,Platanus x acerifolia,40.68578015,-73.99643026
11,Quercus palustris,40.8597972,-73.85539326
27,Quercus palustris,40.73549299,-73.79065151
9,Quercus palustris,40.54884506,-74.17174803
9,Acer platanoides,40.67607868,-73.84684185
21,Platanus x acerifolia,40.85705182,-73.79037969
18,Platanus x acerifolia,40.65229952,-73.97902937
15,Platanus x acerifolia,40.69603799,-73.94055693
10,Pyrus calleryana,40.63973626,-74.16819537
14,Pyrus calleryana,40.72540517,-73.88023781
28,Platanus x acerifolia,40.70466517,-73.88880648
8,Pyrus calleryana,40.80151186,-73.95655952
6,Quercus palustris,40.73203708,-74.00882276
6,Platanus x acerifolia,40.56254958,-74.12595295
4,Pyrus calleryana,40.55170789,-74.14123229
23,Quercus palustris,40.79264251,-73.81776685
26,Quercus palustris,40.75153436,-73.80996053
6,Acer platanoides,40.68165083,-73.85922167
22,Platanus x acerifolia,40.61194571,-73.91252954
59,Platanus x acerifolia,40.60515498,-73.94132689
10,Pyrus calleryana,40.76901335,-73.95526579
18,Quercus palustris,40.74982931,-73.79316479
23,Platanus x acerifolia,40.64004875,-73.91342877
9,Platanus x acerifolia,40.7219182,-73.99117589
13,Quercus palustris,40.77831453,-73.89657784
10,Pyrus calleryana,40.62048447,-74.03747553
23,Platanus x acerifolia,40.70130479,-73.90258367
11,Pyrus calleryana,40.63286697,-74.16158998
26,Platanus x acerifolia,40.60730124,-73.91062582
12,Quercus palustris,40.73767321,-73.82513217
9,Quercus palustris,40.78245402,-73.97645277
3,Quercus palustris,40.85995025,-73.89955742
28,Platanus x acerifolia,40.64851985,-73.94734444
4,Quercus palustris,40.82672079,-73.87866867
23,Platanus x acerifolia,40.65489398,-73.75174525
17,Pyrus calleryana,40.54480778,-74.20064606
15,Quercus palustris,40.78066022,-73.75034317
26,Quercus palustris,40.75706599,-73.77308848
2,Quercus palustris,40.75497824,-73.79250433
14,Quercus palustris,40.69865014,-73.78858284
25,Platanus x acerifolia,40.63721807,-73.92102154
25,Quercus palustris,40.73639605,-73.87031012
6,Pyrus calleryana,40.70914052,-73.73985401
5,Pyrus calleryana,40.71028243,-73.94975153
5,Pyrus calleryana,40.69173101,-73.7986293
25,Platanus x acerifolia,40.77500622,-73.91638995
6,Pyrus calleryana,40.57906174,-74.15895937
24,Platanus x acerifolia,40.82136735,-73.87643193
32,Quercus palustris,40.74808671,-73.80287537
8,Pyrus calleryana,40.52810019,-74.16980286
3,Quercus palustris,40.71779375,-73.76231578
9,Quercus palustris,40.81304673,-73.90389244
26,Quercus palustris,40.73537681,-73.70791962
5,Pyrus calleryana,40.51468788,-74.19666163
19,Platanus x acerifolia,40.74071739,-73.81940765
19,Quercus palustris,40.55237568,-74.1520214
10,Pyrus calleryana,40.53504995,-74.20178253
31,Platanus x acerifolia,40.64823725,-74.00201768
23,Platanus x acerifolia,40.65676155,-73.90126973
27,Quercus palustris,40.71645092,-73.78405211
5,Quercus palustris,40.53548135,-74.20903208
10,Quercus palustris,40.72910958,-73.97956172
18,Acer platanoides,40.77514157,-73.8076276
10,Pyrus calleryana,40.52861974,-74.18189119
16,Platanus x acerifolia,40.67218353,-73.97155172
30,Platanus x acerifolia,40.69351045,-73.83668321
7,Quercus palustris,40.60188694,-73.97331642
32,Platanus x acerifolia,40.75903084,-73.77869064
9,Acer platanoides,40.85557772,-73.86564688
15,Quercus palustris,40.72394695,-73.75681248
18,Platanus x acerifolia,40.65350665,-73.97728267
14,Acer platanoides,40.78265347,-73.79349887
10,Pyrus calleryana,40.72815332,-73.90303029
7,Pyrus calleryana,40.70338739,-73.95086543
22,Platanus x acerifolia,40.62279826,-74.10774358
36,Platanus x acerifolia,40.73369259,-73.79137766
20,Platanus x acerifolia,40.56087159,-74.12343014
26,Platanus x acerifolia,40.66538152,-73.92686867
15,Acer platanoides,40.84426052,-73.833676
36,Platanus x acerifolia,40.90289793,-73.84483364
2,Quercus palustris,40.68176612,-73.96156131
27,Platanus x acerifolia,40.63933374,-73.91897871
10,Pyrus calleryana,40.67642078,-74.00394851
22,Platanus x acerifolia,40.62175012,-73.94749403
4,Quercus palustris,40.8044429,-73.96716144
26,Quercus palustris,40.72019345,-73.86069196
24,Platanus x acerifolia,40.75273574,-73.90313346
4,Pyrus calleryana,40.53461673,-74.2014887
20,Platanus x acerifolia,40.60428162,-74.16620088
5,Pyrus calleryana,40.66275569,-73.76448911
23,Quercus palustris,40.54345531,-74.18187496
15,Platanus x acerifolia,40.71890768,-73.82301296
7,Pyrus calleryana,40.59519105,-73.79278019
15,Platanus x acerifolia,40.87417789,-73.86140706
5,Quercus palustris,40.71047922,-73.95500723
12,Pyrus calleryana,40.76309306,-73.83052532
17,Platanus x acerifolia,40.79287685,-73.97506788
21,Acer platanoides,40.87460622,-73.85468515
7,Quercus palustris,40.65890888,-73.95750799
21,Quercus palustris,40.84507766,-73.82772568
25,Quercus palustris,40.76705602,-73.88862492
22,Quercus palustris,40.62519442,-74.0263126
20,Acer platanoides,40.62089294,-73.96335814
23,Platanus x acerifolia,40.75492298,-73.94646538
15,Acer platanoides,40.62134151,-73.93820375
16,Quercus palustris,40.59649848,-74.12445375
6,Pyrus calleryana,40.5339485,-74.15629835
25,Quercus palustris,40.62380194,-74.13824957
18,Platanus x acerifolia,40.59882499,-74.0638763
26,Quercus palustris,40.69122859,-73.79660914
3,Pyrus calleryana,40.7726623,-73.8893442
13,Acer platanoides,40.65427229,-73.84642589
23,Platanus x acerifolia,40.75575096,-73.77704298
16,Platanus x acerifolia,40.88852217,-73.91463805
29,Platanus x acerifolia,40.72407388,-73.87024843
10,Pyrus calleryana,40.74611998,-73.78708659
16,Platanus x acerifolia,40.73699147,-74.00801525
13,Pyrus calleryana,40.68763339,-73.96578874
20,Platanus x acerifolia,40.72299642,-73.83904354
26,Platanus x acerifolia,40.6250522,-73.91224462
5,Pyrus calleryana,40.67925526,-73.91110274
6,Platanus x acerifolia,40.7256137,-73.80647629
23,Quercus palustris,40.78819253,-73.96707618
6,Pyrus calleryana,40.73505486,-73.75755976
32,Quercus palustris,40.5621854,-74.11655739
25,Quercus palustris,40.75772732,-73.72576793
21,Quercus palustris,40.75540572,-73.86896371
7,Pyrus calleryana,40.59394224,-74.09464423
21,Platanus x acerifolia,40.65668071,-73.92306247
21,Platanus x acerifolia,40.64621713,-73.91050349
6,Pyrus calleryana,40.5380138,-74.1684699
32,Platanus x acerifolia,40.70285956,-73.8997231
18,Platanus x acerifolia,40.68386003,-73.95390705
9,Pyrus calleryana,40.91110395,-73.89821094
9,Acer platanoides,40.85624237,-73.85833907
10,Platanus x acerifolia,40.78205012,-73.79243118
18,Platanus x acerifolia,40.61924949,-74.02676885
20,Quercus palustris,40.80953796,-73.95314016
41,Platanus x acerifolia,40.63876148,-74.10285882
25,Platanus x acerifolia,40.73570576,-73.7912011
4,Platanus x acerifolia,40.79826823,-73.9603409
15,Platanus x acerifolia,40.65672956,-73.97376894
28,Platanus x acerifolia,40.65462212,-73.94302124
27,Platanus x acerifolia,40.71241001,-73.85506357
27,Platanus x acerifolia,40.63651573,-74.08615613
18,Platanus x acerifolia,40.71830427,-73.88279251
13,Pyrus calleryana,40.52584096,-74.17530839
22,Acer platanoides,40.78264987,-73.79581594
25,Acer platanoides,40.72157355,-73.7392113
12,Quercus palustris,40.77570575,-73.94858605
26,Platanus x acerifolia,40.70668414,-73.81921995
20,Quercus palustris,40.60452004,-73.94832572
2,Platanus x acerifolia,40.64814708,-74.00621116
23,Platanus x acerifolia,40.63264469,-73.97329243
4,Pyrus calleryana,40.85178035,-73.85581246
25,Platanus x acerifolia,40.717077,-73.75215358
27,Platanus x acerifolia,40.6867226,-73.86077386
31,Platanus x acerifolia,40.69658623,-73.77193439
20,Platanus x acerifolia,40.68230342,-73.85672846
21,Platanus x acerifolia,40.68299971,-73.93987913
20,Platanus x acerifolia,40.592029170000004,-73.9573256
4,Quercus palustris,40.66491566,-73.97645882
7,Platanus x acerifolia,40.82163795,-73.9281392
27,Platanus x acerifolia,40.62773541,-73.98317823
16,Platanus x acerifolia,40.74891128,-73.7731795
14,Quercus palustris,40.74961309,-73.77537179
27,Quercus palustris,40.59754456,-73.99345994
10,Quercus palustris,40.53871742,-74.1890246
17,Platanus x acerifolia,40.85018232,-73.85892735
9,Pyrus calleryana,40.74515432,-73.97544663
33,Platanus x acerifolia,40.61707771,-73.98982111
24,Quercus palustris,40.81902725,-73.90201054
27,Platanus x acerifolia,40.59273239,-73.9423268
31,Quercus palustris,40.87607881,-73.84376246
5,Quercus palustris,40.74088912,-73.78881005
22,Quercus palustris,40.5689929,-74.12790205
20,Acer platanoides,40.63213314,-73.99629894
3,Quercus palustris,40.74825858,-73.71363362
47,Quercus palustris,40.75215398,-73.77186416
22,Platanus x acerifolia,40.66917108,-73.85217261
10,Platanus x acerifolia,40.74677838,-73.91708199
23,Platanus x acerifolia,40.68706184,-73.9894595
16,Platanus x acerifolia,40.74662139,-74.00107108
20,Pyrus calleryana,40.57862448,-73.84857084
22,Platanus x acerifolia,40.77668453,-73.7909636
30,Platanus x acerifolia,40.69649032,-73.73160575
24,Platanus x acerifolia,40.74653622,-73.81448552
3,Pyrus calleryana,40.77676601,-73.75469236
21,Acer platanoides,40.73230687,-73.80034008
30,Platanus x acerifolia,40.65389615,-73.74085715
23,Platanus x acerifolia,40.69131438,-73.99377244
14,Platanus x acerifolia,40.6635233,-73.89192853
10,Pyrus calleryana,40.7440995,-73.95712049
10,Pyrus calleryana,40.69142483,-73.84703378
25,Platanus x acerifolia,40.59959992,-73.93781053
5,Pyrus calleryana,40.53716264,-74.19189926
28,Platanus x acerifolia,40.61467247,-73.92205529
5,Quercus palustris,40.60936498,-74.07037441
5,Platanus x acerifolia,40.78961998,-73.83912084
11,Pyrus calleryana,40.62830017,-74.00257796
30,Platanus x acerifolia,40.59084454,-74.07898351
9,Pyrus calleryana,40.57949228,-74.09908929
12,Quercus palustris,40.53724936,-74.19932043
3,Platanus x acerifolia,40.69542556,-73.82194528
19,Platanus x acerifolia,40.66948022,-73.97457535
24,Platanus x acerifolia,40.61062129,-73.91219845
6,Pyrus calleryana,40.76867325,-73.87105829
4,Pyrus calleryana,40.55556395,-74.19630308
15,Quercus palustris,40.71206495,-73.82075831
24,Acer platanoides,40.74044629,-73.76109264
19,Quercus palustris,40.86941902,-73.88481107
8,Pyrus calleryana,40.59262841,-73.9702622
9,Pyrus calleryana,40.54368709,-74.16922584
24,Quercus palustris,40.63407305,-73.94536669
9,Acer platanoides,40.67253009,-73.75307852
4,Platanus x acerifolia,40.80972851,-73.93614432
17,Platanus x acerifolia,40.80748675,-73.94258362
10,Platanus x acerifolia,40.74239214,-73.81020709
32,Quercus palustris,40.64354118,-73.9426433
17,Pyrus calleryana,40.73256088,-73.87763468
17,Acer platanoides,40.63508971,-73.95144645
3,Pyrus calleryana,40.81506407,-73.82533814
4,Quercus palustris,40.79145293,-73.94023064
25,Quercus palustris,40.74979287,-73.80946901
5,Pyrus calleryana,40.7198999,-73.73339105
29,Quercus palustris,40.7342556,-73.73550957
26,Quercus palustris,40.76249089,-73.72802934
23,Platanus x acerifolia,40.74447439,-73.77514414
32,Platanus x acerifolia,40.57422237,-74.10730833
21,Platanus x acerifolia,40.6018862,-74.09801571
13,Platanus x acerifolia,40.59420814,-74.16088447
23,Quercus palustris,40.75711262,-73.77291605
8,Quercus palustris,40.53243474,-74.18906241
14,Acer platanoides,40.59377121,-73.95538061
5,Pyrus calleryana,40.70394935,-73.95701502
30,Platanus x acerifolia,40.86291255,-73.85521502
19,Quercus palustris,40.59969544,-74.13456722
15,Acer platanoides,40.78691307,-73.82934582
6,Pyrus calleryana,40.51356755,-74.2374677
12,Platanus x acerifolia,40.65350603,-73.89849577
30,Platanus x acerifolia,40.59684989,-73.9471046
28,Platanus x acerifolia,40.716494,-73.88003932
10,Pyrus calleryana,40.65986574,-73.88762177
4,Pyrus calleryana,40.72921391,-73.89931458
16,Platanus x acerifolia,40.66726361,-73.9396784
3,Quercus palustris,40.72523696,-73.8477462
26,Quercus palustris,40.6723715,-73.93627614
3,Platanus x acerifolia,40.60260043,-74.09140557
5,Pyrus calleryana,40.59554725,-74.08358025
7,Pyrus calleryana,40.55754615,-74.19901739
11,Quercus palustris,40.72164717,-73.94938146
9,Pyrus calleryana,40.82155004,-73.94664802
31,Platanus x acerifolia,40.73536299,-73.71044364
6,Quercus palustris,40.58814378,-73.96513504
16,Quercus palustris,40.76423769,-73.90319681
5,Pyrus calleryana,40.65951147,-73.84854922
36,Platanus x acerifolia,40.69665257,-73.75622285
10,Pyrus calleryana,40.70546587,-73.89741677
9,Pyrus calleryana,40.8464421,-73.85164231
3,Platanus x acerifolia,40.88895036,-73.85612706
11,Pyrus calleryana,40.80546043,-73.94734296
7,Pyrus calleryana,40.58920229,-73.80500237
17,Acer platanoides,40.77300738,-73.8235717
27,Platanus x acerifolia,40.68541126,-73.87953783
25,Platanus x acerifolia,40.83096504,-73.88052395
22,Platanus x acerifolia,40.74032506,-73.81852848
19,Quercus palustris,40.73322195,-73.8108532
4,Quercus palustris,40.757001,-73.82904526
20,Platanus x acerifolia,40.69177427,-73.95758435
12,Pyrus calleryana,40.79174164,-73.97685545
16,Acer platanoides,40.74749796,-73.79593014
25,Platanus x acerifolia,40.71500666,-73.94031776
21,Quercus palustris,40.67128517,-73.81200745
15,Pyrus calleryana,40.83991279,-73.90196938
2,Pyrus calleryana,40.61636102,-73.99940008
26,Platanus x acerifolia,40.77357783,-73.81314051
32,Quercus palustris,40.68105259,-73.78759721
8,Acer platanoides,40.55794054,-74.19857691
8,Quercus palustris,40.73668376,-73.87952885
17,Platanus x acerifolia,40.6260383,-73.96067225
4,Platanus x acerifolia,40.70978887,-73.99646515
9,Pyrus calleryana,40.72668088,-73.84245978
16,Platanus x acerifolia,40.71974178,-73.81427699
4,Pyrus calleryana,40.52868701,-74.18175032
23,Platanus x acerifolia,40.58108661,-73.94887651
12,Acer platanoides,40.71584061,-73.96511217
2,Pyrus calleryana,40.72694941,-73.89859934
33,Platanus x acerifolia,40.59241777,-73.95139083
23,Platanus x acerifolia,40.60958607,-73.90277378
23,Quercus palustris,40.72970926,-73.81892075
37,Quercus palustris,40.71099282,-73.83019142
24,Quercus palustris,40.63857608,-73.94673013
6,Quercus palustris,40.72388131,-73.98410272
14,Acer platanoides,40.62933044,-73.9000076
7,Pyrus calleryana,40.84001547,-73.84752075
13,Quercus palustris,40.86611605,-73.82319256
29,Platanus x acerifolia,40.65820306,-73.89352945
24,Platanus x acerifolia,40.59109345,-73.96458025
3,Quercus palustris,40.70925458,-73.96119842
20,Platanus x acerifolia,40.67357429,-73.75631687
14,Acer platanoides,40.6818861,-73.86883751
15,Pyrus calleryana,40.68417852,-73.99441779
26,Platanus x acerifolia,40.66013094,-73.94943793
7,Pyrus calleryana,40.75876241,-73.78024184
30,Platanus x acerifolia,40.73480874,-73.7731018
11,Pyrus calleryana,40.52050125,-74.21326454
11,Quercus palustris,40.86653016,-73.82284701
17,Platanus x acerifolia,40.58804112,-73.93859888
8,Pyrus calleryana,40.50362012,-74.24589634
24,Platanus x acerifolia,40.82607257,-73.90136361
27,Platanus x acerifolia,40.61385262,-73.9503455
6,Pyrus calleryana,40.53761353,-74.18535612
16,Platanus x acerifolia,40.81998984,-73.85626766
11,Pyrus calleryana,40.51232366,-74.24152862
33,Quercus palustris,40.78316866,-73.79924317
5,Pyrus calleryana,40.51868227,-74.19881516
20,Platanus x acerifolia,40.78445473,-73.91440997
16,Quercus palustris,40.81360014,-73.94515735
13,Acer platanoides,40.67213206,-73.8096814
26,Platanus x acerifolia,40.59788592,-73.97681345
21,Platanus x acerifolia,40.57020628,-74.09539487
3,Pyrus calleryana,40.78350124,-73.79461801
3,Platanus x acerifolia,40.75724151,-73.86827288
11,Pyrus calleryana,40.77343807,-73.96345182
9,Pyrus calleryana,40.55150921,-74.2096066
20,Platanus x acerifolia,40.87299101,-73.82705087
22,Pyrus calleryana,40.67801893,-73.81817514
8,Platanus x acerifolia,40.71396168,-73.79110769
30,Quercus palustris,40.85675452,-73.86048571
17,Platanus x acerifolia,40.69704967,-73.90987345
21,Platanus x acerifolia,40.70368466,-73.87306945
22,Pyrus calleryana,40.74056569,-73.71543809
11,Acer platanoides,40.73155419,-73.82316788
33,Platanus x acerifolia,40.62716031,-73.9782611
25,Platanus x acerifolia,40.57002793,-74.1132939
